,image,target
0,0-0.jpg,0
1,0-1.jpg,0
2,0-2.jpg,3
3,0-3.jpg,0
4,0-4.jpg,0
5,1-0.jpg,0
6,2-0.jpg,0
7,2-1.jpg,3
8,2-2.jpg,0
9,3-0.jpg,0
10,3-1.jpg,0
11,3-2.jpg,0
12,3-3.jpg,0
13,3-4.jpg,0
14,4-0.jpg,0
15,4-1.jpg,2
16,4-2.jpg,0
17,4-3.jpg,0
18,4-4.jpg,0
19,4-5.jpg,0
20,5-0.jpg,0
21,5-1.jpg,0
22,5-2.jpg,0
23,5-3.jpg,0
24,5-4.jpg,0
25,5-5.jpg,0
26,6-0.jpg,0
27,6-1.jpg,0
28,6-2.jpg,0
29,6-3.jpg,0
30,6-4.jpg,0
31,6-5.jpg,0
32,7-0.jpg,0
33,7-1.jpg,0
34,7-2.jpg,1
35,7-3.jpg,0
36,7-4.jpg,3
37,7-5.jpg,0
38,8-0.jpg,0
39,8-1.jpg,0
40,8-2.jpg,0
41,8-3.jpg,0
42,8-4.jpg,1
43,8-5.jpg,3
44,8-6.jpg,0
45,9-0.jpg,0
46,9-1.jpg,0
47,9-2.jpg,0
48,9-3.jpg,0
49,9-4.jpg,1
50,9-5.jpg,0
51,10-0.jpg,0
52,10-1.jpg,0
53,10-2.jpg,0
54,10-3.jpg,0
55,10-4.jpg,1
56,11-0.jpg,0
57,11-1.jpg,0
58,11-2.jpg,0
59,11-3.jpg,0
60,11-4.jpg,0
61,11-5.jpg,0
62,11-6.jpg,0
63,12-0.jpg,0
64,12-1.jpg,0
65,12-2.jpg,1
66,12-3.jpg,0
67,12-4.jpg,0
68,12-5.jpg,0
69,13-0.jpg,0
70,13-1.jpg,0
71,13-2.jpg,0
72,13-3.jpg,0
73,13-4.jpg,1
74,13-5.jpg,0
75,14-0.jpg,0
76,14-1.jpg,0
77,14-2.jpg,0
78,14-3.jpg,0
79,14-4.jpg,0
80,14-5.jpg,2
81,14-6.jpg,3
82,15-0.jpg,0
83,15-1.jpg,1
84,15-2.jpg,0
85,15-3.jpg,3
86,16-0.jpg,0
87,16-1.jpg,0
88,16-2.jpg,0
89,16-3.jpg,0
90,16-4.jpg,0
91,16-5.jpg,0
92,17-0.jpg,0
93,17-1.jpg,0
94,17-2.jpg,1
95,17-3.jpg,0
96,18-0.jpg,0
97,18-1.jpg,0
98,18-2.jpg,3
99,18-3.jpg,2
100,18-4.jpg,0
101,18-5.jpg,1
102,18-6.jpg,0
103,19-0.jpg,0
104,19-1.jpg,0
105,19-2.jpg,0
106,19-3.jpg,0
107,19-4.jpg,0
108,19-5.jpg,0
109,20-0.jpg,0
110,20-1.jpg,0
111,20-2.jpg,0
112,20-3.jpg,0
113,20-4.jpg,0
114,20-5.jpg,0
115,21-0.jpg,0
116,21-1.jpg,0
117,21-2.jpg,0
118,21-3.jpg,0
119,21-4.jpg,0
120,21-5.jpg,0
121,21-6.jpg,0
122,22-0.jpg,0
123,22-1.jpg,0
124,22-2.jpg,3
125,22-3.jpg,0
126,22-4.jpg,0
127,23-0.jpg,0
128,23-1.jpg,0
129,23-2.jpg,3
130,23-3.jpg,0
131,23-4.jpg,0
132,23-5.jpg,3
133,23-6.jpg,0
134,24-0.jpg,0
135,24-1.jpg,0
136,24-2.jpg,0
137,24-3.jpg,1
138,24-4.jpg,0
139,24-5.jpg,0
140,25-0.jpg,0
141,25-1.jpg,0
142,25-2.jpg,0
143,25-3.jpg,3
144,25-4.jpg,0
145,25-5.jpg,0
146,25-6.jpg,0
147,26-0.jpg,0
148,26-1.jpg,0
149,26-2.jpg,0
150,26-3.jpg,0
151,26-4.jpg,0
152,26-5.jpg,0
153,27-0.jpg,0
154,27-1.jpg,0
155,27-2.jpg,0
156,27-3.jpg,0
157,27-4.jpg,0
158,27-5.jpg,0
159,27-6.jpg,0
160,28-0.jpg,0
161,28-1.jpg,0
162,28-2.jpg,1
163,28-3.jpg,3
164,28-4.jpg,1
165,28-5.jpg,3
166,29-0.jpg,0
167,29-1.jpg,0
168,29-2.jpg,3
169,29-3.jpg,0
170,29-4.jpg,0
171,29-5.jpg,0
172,29-6.jpg,0
173,30-0.jpg,0
174,31-0.jpg,0
175,31-1.jpg,0
176,31-2.jpg,0
177,31-3.jpg,0
178,31-4.jpg,0
179,31-5.jpg,0
180,32-0.jpg,0
181,32-1.jpg,0
182,32-2.jpg,0
183,32-3.jpg,0
184,32-4.jpg,1
185,32-5.jpg,0
186,33-0.jpg,0
187,33-1.jpg,0
188,33-2.jpg,0
189,33-3.jpg,0
190,33-4.jpg,0
191,33-5.jpg,0
192,34-0.jpg,0
193,34-1.jpg,0
194,34-2.jpg,0
195,34-3.jpg,0
196,34-4.jpg,1
197,34-5.jpg,0
198,35-0.jpg,0
199,35-1.jpg,0
200,36-0.jpg,0
201,36-1.jpg,3
202,36-2.jpg,0
203,37-0.jpg,0
204,37-1.jpg,0
205,38-0.jpg,0
206,38-1.jpg,0
207,38-2.jpg,0
208,38-3.jpg,0
209,38-4.jpg,0
210,38-5.jpg,0
211,38-6.jpg,0
212,39-0.jpg,0
213,39-1.jpg,0
214,39-2.jpg,1
215,39-3.jpg,0
216,40-0.jpg,0
217,40-1.jpg,0
218,41-0.jpg,0
219,41-1.jpg,0
220,41-2.jpg,3
221,41-3.jpg,1
222,41-4.jpg,1
223,41-5.jpg,0
224,41-6.jpg,0
225,42-0.jpg,0
226,42-1.jpg,0
227,42-2.jpg,0
228,42-3.jpg,0
229,42-4.jpg,0
230,42-5.jpg,1
231,43-0.jpg,0
232,44-0.jpg,0
233,44-1.jpg,3
234,44-2.jpg,0
235,44-3.jpg,0
236,44-4.jpg,0
237,44-5.jpg,0
238,44-6.jpg,0
239,45-0.jpg,0
240,45-1.jpg,0
241,45-2.jpg,0
242,45-3.jpg,0
243,45-4.jpg,1
244,45-5.jpg,3
245,45-6.jpg,0
246,46-0.jpg,0
247,46-1.jpg,0
248,46-2.jpg,0
249,46-3.jpg,0
250,46-4.jpg,0
251,46-5.jpg,3
252,46-6.jpg,0
253,47-0.jpg,0
254,47-1.jpg,0
255,47-2.jpg,0
256,47-3.jpg,0
257,47-4.jpg,0
258,47-5.jpg,3
259,47-6.jpg,0
260,48-0.jpg,0
261,48-1.jpg,0
262,48-2.jpg,0
263,48-3.jpg,0
264,48-4.jpg,0
265,48-5.jpg,0
266,49-0.jpg,0
267,49-1.jpg,0
268,49-2.jpg,0
269,49-3.jpg,0
270,49-4.jpg,0
271,49-5.jpg,0
272,49-6.jpg,0
273,50-0.jpg,0
274,51-0.jpg,0
275,51-1.jpg,3
276,51-2.jpg,0
277,51-3.jpg,0
278,51-4.jpg,0
279,52-0.jpg,0
280,52-1.jpg,0
281,52-2.jpg,0
282,52-3.jpg,0
283,52-4.jpg,0
284,52-5.jpg,0
285,53-0.jpg,0
286,53-1.jpg,0
287,53-2.jpg,0
288,53-3.jpg,0
289,53-4.jpg,0
290,53-5.jpg,3
291,53-6.jpg,2
292,54-0.jpg,0
293,54-1.jpg,3
294,54-2.jpg,2
295,55-0.jpg,0
296,56-0.jpg,0
297,57-0.jpg,0
298,57-1.jpg,0
299,57-2.jpg,0
300,57-3.jpg,0
301,57-4.jpg,1
302,57-5.jpg,0
303,58-0.jpg,0
304,59-0.jpg,0
305,59-1.jpg,0
306,59-2.jpg,0
307,59-3.jpg,0
308,59-4.jpg,0
309,59-5.jpg,0
310,59-6.jpg,0
311,60-0.jpg,0
312,60-1.jpg,0
313,60-2.jpg,0
314,60-3.jpg,0
315,60-4.jpg,1
316,60-5.jpg,0
317,61-0.jpg,0
318,61-1.jpg,0
319,61-2.jpg,0
320,61-3.jpg,0
321,61-4.jpg,0
322,61-5.jpg,0
323,61-6.jpg,2
324,62-0.jpg,0
325,63-0.jpg,0
326,63-1.jpg,0
327,63-2.jpg,0
328,63-3.jpg,0
329,63-4.jpg,0
330,63-5.jpg,0
331,63-6.jpg,0
332,64-0.jpg,0
333,64-1.jpg,0
334,64-2.jpg,0
335,64-3.jpg,0
336,64-4.jpg,0
337,64-5.jpg,0
338,64-6.jpg,0
339,65-0.jpg,0
340,65-1.jpg,0
341,65-2.jpg,0
342,65-3.jpg,0
343,65-4.jpg,1
344,65-5.jpg,0
345,66-0.jpg,0
346,66-1.jpg,0
347,66-2.jpg,0
348,66-3.jpg,0
349,66-4.jpg,0
350,66-5.jpg,0
351,66-6.jpg,0
352,67-0.jpg,0
353,67-1.jpg,3
354,68-0.jpg,0
355,68-1.jpg,0
356,68-2.jpg,3
357,68-3.jpg,2
358,69-0.jpg,0
359,69-1.jpg,3
360,69-2.jpg,3
361,69-3.jpg,0
362,69-4.jpg,0
363,69-5.jpg,0
364,70-0.jpg,0
365,70-1.jpg,0
366,70-2.jpg,0
367,70-3.jpg,2
368,71-0.jpg,0
369,71-1.jpg,0
370,72-0.jpg,0
371,72-1.jpg,3
372,72-2.jpg,2
373,72-3.jpg,3
374,72-4.jpg,0
375,72-5.jpg,0
376,72-6.jpg,0
377,73-0.jpg,0
378,74-0.jpg,0
379,74-1.jpg,0
380,74-2.jpg,0
381,74-3.jpg,0
382,74-4.jpg,0
383,74-5.jpg,0
384,75-0.jpg,0
385,75-1.jpg,0
386,75-2.jpg,3
387,76-0.jpg,0
388,76-1.jpg,0
389,76-2.jpg,0
390,76-3.jpg,0
391,76-4.jpg,0
392,76-5.jpg,0
393,77-0.jpg,0
394,77-1.jpg,0
395,78-0.jpg,0
396,78-1.jpg,0
397,78-2.jpg,0
398,78-3.jpg,0
399,78-4.jpg,1
400,78-5.jpg,0
401,79-0.jpg,0
402,79-1.jpg,3
403,79-2.jpg,0
404,79-3.jpg,0
405,79-4.jpg,0
406,79-5.jpg,0
407,80-0.jpg,0
408,80-1.jpg,0
409,80-2.jpg,0
410,80-3.jpg,0
411,80-4.jpg,3
412,80-5.jpg,0
413,80-6.jpg,0
414,81-0.jpg,0
415,81-1.jpg,0
416,81-2.jpg,0
417,81-3.jpg,0
418,81-4.jpg,0
419,81-5.jpg,0
420,81-6.jpg,0
421,82-0.jpg,0
422,83-0.jpg,0
423,83-1.jpg,0
424,83-2.jpg,1
425,83-3.jpg,0
426,83-4.jpg,0
427,83-5.jpg,0
428,84-0.jpg,0
429,84-1.jpg,0
430,84-2.jpg,3
431,85-0.jpg,0
432,85-1.jpg,0
433,85-2.jpg,0
434,85-3.jpg,0
435,85-4.jpg,3
436,85-5.jpg,0
437,85-6.jpg,1
438,86-0.jpg,0
439,86-1.jpg,1
440,86-2.jpg,0
441,87-0.jpg,0
442,88-0.jpg,0
443,88-1.jpg,0
444,88-2.jpg,0
445,88-3.jpg,0
446,88-4.jpg,0
447,88-5.jpg,0
448,88-6.jpg,0
449,89-0.jpg,0
450,89-1.jpg,0
451,89-2.jpg,0
452,89-3.jpg,0
453,89-4.jpg,0
454,89-5.jpg,0
455,89-6.jpg,0
456,90-0.jpg,0
457,90-1.jpg,0
458,90-2.jpg,0
459,90-3.jpg,0
460,90-4.jpg,2
461,90-5.jpg,3
462,90-6.jpg,0
463,91-0.jpg,0
464,91-1.jpg,0
465,91-2.jpg,0
466,91-3.jpg,3
467,91-4.jpg,3
468,91-5.jpg,0
469,91-6.jpg,0
470,92-0.jpg,0
471,92-1.jpg,3
472,92-2.jpg,0
473,92-3.jpg,0
474,92-4.jpg,0
475,92-5.jpg,0
476,92-6.jpg,3
477,93-0.jpg,0
478,93-1.jpg,0
479,93-2.jpg,0
480,93-3.jpg,0
481,93-4.jpg,2
482,93-5.jpg,3
483,93-6.jpg,0
484,94-0.jpg,0
485,95-0.jpg,0
486,95-1.jpg,0
487,95-2.jpg,0
488,95-3.jpg,0
489,95-4.jpg,0
490,95-5.jpg,0
491,95-6.jpg,0
492,96-0.jpg,0
493,96-1.jpg,1
494,96-2.jpg,1
495,97-0.jpg,0
496,97-1.jpg,0
497,97-2.jpg,0
498,97-3.jpg,0
499,97-4.jpg,0
500,97-5.jpg,3
501,97-6.jpg,0
502,98-0.jpg,0
503,98-1.jpg,0
504,98-2.jpg,0
505,98-3.jpg,0
506,98-4.jpg,0
507,98-5.jpg,0
508,98-6.jpg,0
509,99-0.jpg,0
510,99-1.jpg,0
511,99-2.jpg,0
512,99-3.jpg,0
513,99-4.jpg,0
514,99-5.jpg,0
515,99-6.jpg,0
516,100-0.jpg,0
517,100-1.jpg,0
518,100-2.jpg,0
519,100-3.jpg,3
520,100-4.jpg,0
521,100-5.jpg,0
522,100-6.jpg,0
523,101-0.jpg,0
524,101-1.jpg,3
525,101-2.jpg,0
526,101-3.jpg,0
527,101-4.jpg,0
528,101-5.jpg,0
529,102-0.jpg,0
530,102-1.jpg,0
531,102-2.jpg,0
532,102-3.jpg,2
533,102-4.jpg,0
534,102-5.jpg,0
535,102-6.jpg,0
536,103-0.jpg,0
537,103-1.jpg,0
538,103-2.jpg,0
539,103-3.jpg,0
540,103-4.jpg,0
541,104-0.jpg,0
542,104-1.jpg,0
543,104-2.jpg,0
544,104-3.jpg,0
545,104-4.jpg,0
546,104-5.jpg,0
547,104-6.jpg,0
548,105-0.jpg,0
549,105-1.jpg,0
550,105-2.jpg,0
551,105-3.jpg,1
552,105-4.jpg,0
553,105-5.jpg,3
554,105-6.jpg,0
555,106-0.jpg,0
556,106-1.jpg,0
557,106-2.jpg,0
558,106-3.jpg,0
559,106-4.jpg,1
560,106-5.jpg,3
561,106-6.jpg,0
562,107-0.jpg,0
563,107-1.jpg,0
564,107-2.jpg,0
565,107-3.jpg,0
566,108-0.jpg,1
567,108-1.jpg,0
568,108-2.jpg,0
569,108-3.jpg,0
570,108-4.jpg,0
571,108-5.jpg,0
572,109-0.jpg,1
573,109-1.jpg,0
574,109-2.jpg,0
575,109-3.jpg,0
576,109-4.jpg,0
577,109-5.jpg,0
578,109-6.jpg,0
579,110-0.jpg,0
580,110-1.jpg,0
581,110-2.jpg,0
582,110-3.jpg,1
583,110-4.jpg,0
584,110-5.jpg,0
585,110-6.jpg,0
586,111-0.jpg,0
587,111-1.jpg,0
588,111-2.jpg,0
589,111-3.jpg,0
590,111-4.jpg,1
591,111-5.jpg,0
592,111-6.jpg,0
593,112-0.jpg,0
594,112-1.jpg,0
595,112-2.jpg,0
596,112-3.jpg,0
597,112-4.jpg,2
598,112-5.jpg,3
599,112-6.jpg,0
600,113-0.jpg,1
601,113-1.jpg,0
602,113-2.jpg,3
603,113-3.jpg,0
604,114-0.jpg,0
605,114-1.jpg,0
606,114-2.jpg,0
607,114-3.jpg,0
608,114-4.jpg,0
609,114-5.jpg,0
610,114-6.jpg,0
611,115-0.jpg,1
612,115-1.jpg,0
613,115-2.jpg,0
614,115-3.jpg,0
615,115-4.jpg,3
616,115-5.jpg,2
617,115-6.jpg,0
618,116-0.jpg,1
619,116-1.jpg,0
620,116-2.jpg,0
621,116-3.jpg,0
622,116-4.jpg,0
623,116-5.jpg,0
624,116-6.jpg,0
625,117-0.jpg,0
626,117-1.jpg,0
627,117-2.jpg,0
628,117-3.jpg,0
629,117-4.jpg,0
630,117-5.jpg,0
631,118-0.jpg,0
632,118-1.jpg,0
633,118-2.jpg,0
634,118-3.jpg,0
635,118-4.jpg,0
636,118-5.jpg,0
637,118-6.jpg,0
638,119-0.jpg,0
639,119-1.jpg,0
640,119-2.jpg,0
641,119-3.jpg,3
642,119-4.jpg,0
643,119-5.jpg,0
644,119-6.jpg,0
645,120-0.jpg,0
646,120-1.jpg,3
647,120-2.jpg,0
648,120-3.jpg,0
649,120-4.jpg,3
650,121-0.jpg,0
651,121-1.jpg,0
652,121-2.jpg,0
653,121-3.jpg,0
654,121-4.jpg,1
655,121-5.jpg,0
656,121-6.jpg,0
657,122-0.jpg,0
658,122-1.jpg,0
659,122-2.jpg,0
660,122-3.jpg,3
661,122-4.jpg,0
662,122-5.jpg,0
663,123-0.jpg,0
664,123-1.jpg,0
665,123-2.jpg,0
666,123-3.jpg,0
667,123-4.jpg,0
668,123-5.jpg,0
669,123-6.jpg,0
670,124-0.jpg,0
671,124-1.jpg,0
672,124-2.jpg,0
673,124-3.jpg,0
674,125-0.jpg,0
675,125-1.jpg,0
676,125-2.jpg,0
677,126-0.jpg,0
678,126-1.jpg,0
679,126-2.jpg,1
680,127-0.jpg,3
681,127-1.jpg,1
682,127-2.jpg,3
683,127-3.jpg,0
684,127-4.jpg,0
685,127-5.jpg,3
686,127-6.jpg,0
687,128-0.jpg,0
688,128-1.jpg,0
689,128-2.jpg,0
690,128-3.jpg,0
691,128-4.jpg,0
692,128-5.jpg,0
693,128-6.jpg,0
694,129-0.jpg,0
695,129-1.jpg,0
696,129-2.jpg,0
697,129-3.jpg,0
698,129-4.jpg,0
699,129-5.jpg,0
700,129-6.jpg,0
701,130-0.jpg,1
702,130-1.jpg,0
703,130-2.jpg,0
704,130-3.jpg,0
705,130-4.jpg,0
706,130-5.jpg,0
707,130-6.jpg,0
708,131-0.jpg,0
709,131-1.jpg,0
710,131-2.jpg,0
711,131-3.jpg,0
712,131-4.jpg,0
713,131-5.jpg,1
714,131-6.jpg,0
715,132-0.jpg,0
716,132-1.jpg,0
717,132-2.jpg,0
718,132-3.jpg,3
719,132-4.jpg,0
720,132-5.jpg,0
721,132-6.jpg,0
722,133-0.jpg,0
723,133-1.jpg,0
724,133-2.jpg,0
725,133-3.jpg,0
726,133-4.jpg,0
727,133-5.jpg,0
728,133-6.jpg,0
729,134-0.jpg,0
730,134-1.jpg,0
731,134-2.jpg,1
732,134-3.jpg,0
733,135-0.jpg,0
734,135-1.jpg,0
735,135-2.jpg,0
736,135-3.jpg,0
737,135-4.jpg,3
738,135-5.jpg,1
739,135-6.jpg,1
740,136-0.jpg,0
741,136-1.jpg,0
742,136-2.jpg,0
743,136-3.jpg,0
744,136-4.jpg,0
745,136-5.jpg,0
746,136-6.jpg,0
747,137-0.jpg,1
748,137-1.jpg,0
749,137-2.jpg,0
750,137-3.jpg,3
751,137-4.jpg,0
752,138-0.jpg,0
753,138-1.jpg,0
754,138-2.jpg,0
755,138-3.jpg,0
756,138-4.jpg,0
757,138-5.jpg,0
758,138-6.jpg,0
759,139-0.jpg,0
760,139-1.jpg,1
761,139-2.jpg,3
762,139-3.jpg,0
763,139-4.jpg,0
764,139-5.jpg,0
765,139-6.jpg,0
766,140-0.jpg,0
767,140-1.jpg,0
768,140-2.jpg,3
769,140-3.jpg,0
770,140-4.jpg,0
771,140-5.jpg,0
772,140-6.jpg,0
773,141-0.jpg,0
774,141-1.jpg,0
775,141-2.jpg,3
776,141-3.jpg,0
777,141-4.jpg,0
778,141-5.jpg,0
779,141-6.jpg,0
780,142-0.jpg,0
781,142-1.jpg,0
782,142-2.jpg,0
783,142-3.jpg,0
784,142-4.jpg,0
785,142-5.jpg,0
786,142-6.jpg,0
787,143-0.jpg,0
788,143-1.jpg,0
789,143-2.jpg,0
790,143-3.jpg,0
791,143-4.jpg,0
792,143-5.jpg,3
793,143-6.jpg,0
794,144-0.jpg,0
795,144-1.jpg,0
796,144-2.jpg,0
797,144-3.jpg,0
798,144-4.jpg,0
799,144-5.jpg,0
800,144-6.jpg,0
801,145-0.jpg,0
802,145-1.jpg,0
803,145-2.jpg,0
804,145-3.jpg,0
805,145-4.jpg,0
806,145-5.jpg,0
807,145-6.jpg,3
808,146-0.jpg,2
809,146-1.jpg,0
810,146-2.jpg,3
811,146-3.jpg,2
812,146-4.jpg,0
813,146-5.jpg,0
814,146-6.jpg,0
815,147-0.jpg,0
816,147-1.jpg,0
817,148-0.jpg,0
818,148-1.jpg,1
819,148-2.jpg,0
820,148-3.jpg,0
821,148-4.jpg,0
822,148-5.jpg,0
823,148-6.jpg,0
824,149-0.jpg,0
825,149-1.jpg,0
826,150-0.jpg,0
827,150-1.jpg,0
828,150-2.jpg,0
829,150-3.jpg,0
830,150-4.jpg,0
831,150-5.jpg,0
832,150-6.jpg,1
833,151-0.jpg,0
834,151-1.jpg,0
835,151-2.jpg,0
836,151-3.jpg,0
837,152-0.jpg,0
838,152-1.jpg,0
839,152-2.jpg,0
840,152-3.jpg,2
841,152-4.jpg,0
842,153-0.jpg,0
843,153-1.jpg,0
844,153-2.jpg,0
845,153-3.jpg,0
846,153-4.jpg,0
847,153-5.jpg,0
848,153-6.jpg,0
849,154-0.jpg,0
850,154-1.jpg,0
851,154-2.jpg,0
852,154-3.jpg,0
853,154-4.jpg,0
854,154-5.jpg,0
855,155-0.jpg,0
856,155-1.jpg,0
857,155-2.jpg,0
858,155-3.jpg,0
859,155-4.jpg,0
860,155-5.jpg,1
861,155-6.jpg,0
862,156-0.jpg,0
863,156-1.jpg,0
864,156-2.jpg,0
865,156-3.jpg,0
866,156-4.jpg,0
867,156-5.jpg,0
868,157-0.jpg,0
869,157-1.jpg,0
870,157-2.jpg,3
871,157-3.jpg,0
872,157-4.jpg,0
873,157-5.jpg,3
874,157-6.jpg,2
875,158-0.jpg,0
876,158-1.jpg,3
877,158-2.jpg,3
878,158-3.jpg,0
879,158-4.jpg,0
880,158-5.jpg,0
881,158-6.jpg,0
882,159-0.jpg,0
883,159-1.jpg,0
884,159-2.jpg,2
885,159-3.jpg,0
886,159-4.jpg,0
887,159-5.jpg,0
888,160-0.jpg,3
889,160-1.jpg,2
890,160-2.jpg,3
891,161-0.jpg,0
892,161-1.jpg,0
893,161-2.jpg,0
894,161-3.jpg,0
895,161-4.jpg,0
896,161-5.jpg,0
897,162-0.jpg,0
898,162-1.jpg,0
899,162-2.jpg,0
900,162-3.jpg,0
901,162-4.jpg,0
902,162-5.jpg,0
903,162-6.jpg,3
904,163-0.jpg,0
905,163-1.jpg,0
906,163-2.jpg,0
907,163-3.jpg,0
908,164-0.jpg,0
909,164-1.jpg,0
910,164-2.jpg,0
911,164-3.jpg,0
912,164-4.jpg,0
913,164-5.jpg,0
914,164-6.jpg,0
915,165-0.jpg,0
916,165-1.jpg,1
917,165-2.jpg,0
918,165-3.jpg,0
919,165-4.jpg,3
920,165-5.jpg,0
921,166-0.jpg,0
922,166-1.jpg,0
923,166-2.jpg,0
924,166-3.jpg,0
925,167-0.jpg,0
926,167-1.jpg,0
927,167-2.jpg,0
928,167-3.jpg,3
929,168-0.jpg,0
930,168-1.jpg,0
931,168-2.jpg,0
932,168-3.jpg,0
933,168-4.jpg,0
934,168-5.jpg,0
935,168-6.jpg,0
936,169-0.jpg,0
937,169-1.jpg,0
938,169-2.jpg,0
939,169-3.jpg,0
940,169-4.jpg,0
941,169-5.jpg,1
942,169-6.jpg,0
943,170-0.jpg,0
944,170-1.jpg,0
945,170-2.jpg,0
946,170-3.jpg,0
947,170-4.jpg,3
948,170-5.jpg,0
949,170-6.jpg,0
950,171-0.jpg,0
951,171-1.jpg,0
952,171-2.jpg,3
953,171-3.jpg,0
954,171-4.jpg,1
955,171-5.jpg,0
956,171-6.jpg,1
957,172-0.jpg,0
958,172-1.jpg,0
959,172-2.jpg,0
960,172-3.jpg,0
961,172-4.jpg,0
962,172-5.jpg,0
963,173-0.jpg,0
964,173-1.jpg,0
965,173-2.jpg,0
966,173-3.jpg,0
967,174-0.jpg,0
968,174-1.jpg,0
969,174-2.jpg,0
970,174-3.jpg,0
971,174-4.jpg,0
972,174-5.jpg,0
973,174-6.jpg,0
974,175-0.jpg,0
975,175-1.jpg,0
976,175-2.jpg,0
977,175-3.jpg,2
978,175-4.jpg,3
979,175-5.jpg,0
980,175-6.jpg,0
981,176-0.jpg,0
982,176-1.jpg,0
983,176-2.jpg,3
984,176-3.jpg,3
985,176-4.jpg,0
986,176-5.jpg,0
987,176-6.jpg,0
988,177-0.jpg,3
989,177-1.jpg,0
990,177-2.jpg,0
991,177-3.jpg,0
992,177-4.jpg,0
993,177-5.jpg,3
994,177-6.jpg,0
995,178-0.jpg,0
996,178-1.jpg,0
997,178-2.jpg,0
998,178-3.jpg,2
999,179-0.jpg,3
1000,179-1.jpg,0
1001,179-2.jpg,0
1002,179-3.jpg,0
1003,179-4.jpg,0
1004,179-5.jpg,0
1005,180-0.jpg,0
1006,180-1.jpg,0
1007,180-2.jpg,0
1008,180-3.jpg,0
1009,180-4.jpg,0
1010,180-5.jpg,1
1011,180-6.jpg,1
1012,181-0.jpg,0
1013,181-1.jpg,0
1014,181-2.jpg,0
1015,181-3.jpg,0
1016,181-4.jpg,0
1017,181-5.jpg,3
1018,181-6.jpg,0
1019,182-0.jpg,0
1020,182-1.jpg,0
1021,182-2.jpg,0
1022,182-3.jpg,0
1023,183-0.jpg,0
1024,183-1.jpg,0
1025,183-2.jpg,0
1026,183-3.jpg,0
1027,184-0.jpg,0
1028,184-1.jpg,0
1029,184-2.jpg,0
1030,184-3.jpg,0
1031,184-4.jpg,0
1032,184-5.jpg,0
1033,185-0.jpg,0
1034,185-1.jpg,1
1035,185-2.jpg,1
1036,185-3.jpg,1
1037,185-4.jpg,1
1038,186-0.jpg,1
1039,186-1.jpg,1
1040,186-2.jpg,0
1041,186-3.jpg,0
1042,187-0.jpg,0
1043,187-1.jpg,2
1044,187-2.jpg,3
1045,187-3.jpg,0
1046,187-4.jpg,0
1047,187-5.jpg,0
1048,187-6.jpg,0
1049,188-0.jpg,0
1050,188-1.jpg,2
1051,188-2.jpg,3
1052,188-3.jpg,0
1053,188-4.jpg,0
1054,188-5.jpg,3
1055,189-0.jpg,3
1056,189-1.jpg,3
1057,189-2.jpg,2
1058,189-3.jpg,0
1059,189-4.jpg,0
1060,190-0.jpg,3
1061,190-1.jpg,0
1062,190-2.jpg,0
1063,190-3.jpg,0
1064,190-4.jpg,0
1065,190-5.jpg,0
1066,190-6.jpg,0
1067,191-0.jpg,3
1068,191-1.jpg,2
1069,191-2.jpg,1
1070,191-3.jpg,0
1071,192-0.jpg,0
1072,192-1.jpg,0
1073,192-2.jpg,0
1074,192-3.jpg,0
1075,192-4.jpg,0
1076,192-5.jpg,0
1077,192-6.jpg,0
1078,193-0.jpg,0
1079,193-1.jpg,0
1080,193-2.jpg,0
1081,193-3.jpg,1
1082,193-4.jpg,1
1083,193-5.jpg,0
1084,194-0.jpg,1
1085,194-1.jpg,0
1086,194-2.jpg,0
1087,194-3.jpg,0
1088,194-4.jpg,1
1089,194-5.jpg,0
1090,194-6.jpg,1
1091,195-0.jpg,0
1092,195-1.jpg,3
1093,195-2.jpg,2
1094,195-3.jpg,0
1095,195-4.jpg,0
1096,195-5.jpg,0
1097,195-6.jpg,0
1098,196-0.jpeg,0
1099,196-1.jpeg,0
1100,196-2.jpeg,2
1101,196-3.jpeg,3
1102,196-4.jpeg,0
1103,196-5.jpeg,0
1104,196-6.jpeg,3
1105,196-7.jpeg,0
1106,196-8.jpeg,0
1107,196-9.jpeg,0
1108,196-10.jpeg,3
1109,197-0.jpeg,2
1110,198-0.jpeg,0
1111,199-0.jpeg,0
1112,200-0.jpeg,0
1113,201-0.jpeg,0
1114,201-1.jpeg,0
1115,201-2.jpeg,3
1116,201-3.jpeg,2
1117,201-4.jpeg,0
1118,201-5.jpeg,3
1119,202-0.jpeg,3
1120,203-0.jpeg,2
1121,203-1.jpeg,0
1122,203-2.jpeg,3
1123,203-3.jpeg,0
1124,203-4.jpeg,0
1125,203-5.jpeg,0
1126,203-6.jpeg,0
1127,203-7.jpeg,0
1128,203-8.jpeg,0
1129,203-9.jpeg,3
1130,203-10.jpeg,3
1131,204-0.jpeg,3
1132,204-1.jpeg,3
1133,204-2.jpeg,0
1134,204-3.jpeg,0
1135,205-0.jpeg,0
1136,205-1.jpeg,1
1137,205-2.jpeg,1
1138,205-3.jpeg,0
1139,206-0.jpeg,0
1140,206-1.jpeg,0
1141,206-2.jpeg,0
1142,206-3.jpeg,0
1143,206-4.jpeg,0
1144,206-5.jpeg,0
1145,206-6.jpeg,0
1146,207-0.jpeg,0
1147,207-1.jpeg,0
1148,207-2.jpeg,0
1149,207-3.jpeg,0
1150,207-4.jpeg,1
1151,207-5.jpeg,0
1152,207-6.jpeg,1
1153,208-0.jpeg,0
1154,208-1.jpeg,1
1155,208-2.jpeg,0
1156,208-3.jpeg,0
1157,208-4.jpeg,0
1158,208-5.jpeg,0
1159,208-6.jpeg,2
1160,209-0.jpeg,3
1161,210-0.jpeg,0
1162,211-0.jpeg,0
1163,212-0.jpeg,1
1164,212-1.jpeg,0
1165,212-2.jpeg,0
1166,212-3.jpeg,0
1167,213-0.jpeg,0
1168,214-0.jpeg,0
1169,215-0.jpeg,0
1170,216-0.jpeg,3
1171,217-0.jpeg,0
1172,218-0.jpeg,0
1173,219-0.jpeg,0
1174,220-0.jpeg,0
1175,221-0.jpeg,1
1176,222-0.jpeg,0
1177,223-0.jpeg,0
1178,224-0.jpeg,0
1179,225-0.jpeg,0
1180,226-0.jpeg,0
1181,227-0.jpeg,0
1182,228-0.jpeg,0
1183,229-0.jpeg,0
1184,230-0.jpeg,2
1185,231-0.jpeg,3
1186,231-1.jpeg,0
1187,231-2.jpeg,0
1188,231-3.jpeg,3
1189,231-4.jpeg,3
1190,231-5.jpeg,2
1191,231-6.jpeg,0
1192,232-0.jpeg,1
1193,233-0.jpeg,1
1194,234-0.jpeg,0
1195,235-0.jpeg,0
1196,236-0.jpeg,1
1197,237-0.jpeg,0
1198,238-0.jpeg,0
1199,239-0.jpeg,0
1200,240-0.jpeg,0
1201,241-0.jpeg,0
1202,242-0.jpeg,3
1203,243-0.jpeg,2
1204,244-0.jpeg,0
1205,245-0.jpeg,1
1206,246-0.jpeg,1
1207,247-0.jpeg,0
1208,248-0.jpeg,0
1209,249-0.jpeg,0
1210,250-0.jpeg,0
1211,250-1.jpeg,0
1212,250-2.jpeg,0
1213,250-3.jpeg,0
1214,250-4.jpeg,0
1215,250-5.jpeg,0
1216,250-6.jpeg,0
1217,250-7.jpeg,0
1218,250-8.jpeg,0
1219,251-0.jpeg,0
1220,252-0.jpeg,0
1221,252-1.jpeg,0
1222,252-2.jpeg,2
1223,252-3.png,3
1224,252-4.png,0
1225,253-0.jpeg,0
1226,254-0.jpeg,3
1227,256-0.jpeg,2
1228,256-1.jpeg,0
1229,256-2.jpeg,0
1230,256-3.jpeg,0
1231,256-4.jpeg,0
1232,256-5.jpeg,0
1233,256-6.jpeg,3
1234,256-7.jpeg,2
1235,256-8.jpeg,1
1236,257-0.jpeg,0
1237,258-0.jpeg,0
1238,259-0.jpeg,0
1239,260-0.jpeg,0
1240,261-0.jpeg,1
1241,262-0.jpeg,3
1242,263-0.jpeg,2
1243,264-0.jpeg,0
1244,264-1.jpeg,0
1245,264-2.jpeg,0
1246,264-3.png,0
1247,264-4.png,1
1248,264-5.png,3
1249,264-6.png,2
1250,264-7.png,0
1251,265-0.jpeg,0
1252,265-1.jpeg,1
1253,265-2.jpeg,0
1254,265-3.jpeg,0
1255,265-4.jpeg,0
1256,265-5.jpeg,0
1257,265-6.jpeg,0
1258,265-7.jpeg,3
1259,266-0.jpeg,0
1260,267-0.jpeg,0
1261,268-0.jpeg,0
1262,269-0.jpeg,1
1263,270-0.png,0
1264,271-0.jpeg,0
1265,271-1.png,3
1266,271-2.jpeg,3
1267,271-3.jpeg,2
1268,271-4.jpeg,2
1269,271-5.jpeg,0
1270,271-6.jpeg,0
1271,271-7.jpeg,0
1272,271-8.jpeg,0
1273,271-9.jpeg,2
1274,271-10.jpeg,3
1275,271-11.jpeg,0
1276,271-12.jpeg,0
1277,272-0.png,0
1278,273-0.jpeg,3
1279,274-0.jpeg,0
1280,275-0.jpeg,0
1281,276-0.jpeg,3
1282,277-0.jpeg,0
1283,278-0.jpeg,0
1284,279-0.jpeg,1
1285,280-0.jpeg,1
1286,280-1.png,0
1287,281-0.jpeg,0
1288,281-1.jpeg,0
1289,281-2.jpeg,0
1290,281-3.jpeg,0
1291,281-4.jpeg,0
1292,281-5.jpeg,0
1293,281-6.jpeg,0
1294,282-0.jpeg,2
1295,283-0.jpeg,0
1296,283-1.jpeg,3
1297,283-2.jpeg,0
1298,283-3.jpeg,1
1299,283-4.jpeg,3
1300,283-5.jpeg,2
1301,283-6.jpeg,1
1302,283-7.jpeg,0
1303,283-8.jpeg,0
1304,283-9.jpeg,0
1305,283-10.jpeg,0
1306,284-0.jpeg,0
1307,285-0.jpeg,0
1308,286-0.jpeg,2
1309,286-1.jpeg,3
1310,287-0.jpeg,0
1311,287-1.jpeg,0
1312,287-2.jpeg,0
1313,287-3.jpeg,0
1314,287-4.jpeg,0
1315,287-5.jpeg,0
1316,287-6.jpeg,1
1317,287-7.jpeg,1
1318,287-8.jpeg,0
1319,287-9.jpeg,1
1320,287-10.jpeg,3
1321,288-0.jpeg,2
1322,289-0.jpeg,0
1323,290-0.jpeg,0
1324,291-0.jpeg,0
1325,291-1.jpeg,0
1326,291-2.jpeg,3
1327,291-3.jpeg,0
1328,292-0.jpeg,0
1329,292-1.jpeg,0
1330,292-2.jpeg,0
1331,292-3.jpeg,3
1332,293-0.jpeg,0
1333,293-1.jpeg,0
1334,293-2.jpeg,0
1335,293-3.jpeg,1
1336,294-0.jpeg,1
1337,294-1.jpeg,0
1338,294-2.jpeg,0
1339,294-3.jpeg,0
1340,294-4.jpeg,0
1341,294-5.jpeg,0
1342,295-0.jpeg,3
1343,296-0.jpeg,0
1344,296-1.jpeg,1
1345,297-0.jpeg,3
1346,297-1.jpeg,2
1347,297-2.jpeg,0
1348,297-3.jpeg,0
1349,297-4.jpeg,0
1350,297-5.jpeg,0
1351,297-6.jpeg,0
1352,297-7.jpeg,1
1353,297-8.jpeg,1
1354,298-0.jpeg,0
1355,298-1.jpeg,0
1356,298-2.jpeg,3
1357,298-3.jpeg,0
1358,298-4.jpeg,3
1359,299-0.jpeg,0
1360,299-1.jpeg,0
1361,299-2.jpeg,0
1362,299-3.jpeg,0
1363,299-4.jpeg,2
1364,299-5.jpeg,3
1365,299-6.jpeg,0
1366,299-7.jpeg,0
1367,300-0.jpeg,0
1368,300-1.jpeg,1
1369,300-2.jpeg,1
1370,300-3.jpeg,0
1371,300-4.jpeg,1
1372,300-5.jpeg,0
1373,300-6.jpeg,0
1374,300-7.jpeg,0
1375,300-8.jpeg,0
1376,301-0.jpeg,2
1377,301-1.jpeg,3
1378,301-2.jpeg,0
1379,301-3.jpeg,0
1380,302-0.jpeg,1
1381,302-1.jpeg,0
1382,302-2.jpeg,0
1383,302-3.jpeg,0
1384,302-4.jpeg,0
1385,302-5.jpeg,0
1386,302-6.jpeg,3
1387,302-7.jpeg,2
1388,303-0.jpeg,1
1389,303-1.jpeg,0
1390,303-2.jpeg,0
1391,303-3.jpeg,0
1392,303-4.jpeg,0
1393,303-5.jpeg,0
1394,303-6.jpeg,0
1395,303-7.jpeg,0
1396,304-0.png,0
1397,304-1.jpeg,0
1398,304-2.jpeg,0
1399,304-3.jpeg,0
1400,304-4.jpeg,1
1401,304-5.jpeg,0
1402,304-6.jpeg,0
1403,304-7.jpeg,0
1404,304-8.jpeg,0
1405,304-9.jpeg,0
1406,304-10.jpeg,0
1407,305-0.jpeg,1
1408,305-1.jpeg,0
1409,305-2.jpeg,0
1410,305-3.jpeg,0
1411,305-4.jpeg,2
1412,305-5.jpeg,3
1413,305-6.jpeg,0
1414,305-7.jpeg,0
1415,306-0.jpeg,3
1416,306-1.jpeg,2
1417,306-2.jpeg,1
1418,306-3.jpeg,0
1419,306-4.jpeg,0
1420,307-0.png,0
1421,307-1.jpeg,0
1422,307-2.jpeg,1
1423,307-3.jpeg,3
1424,307-4.jpeg,2
1425,307-5.jpeg,0
1426,307-6.jpeg,0
1427,307-7.jpeg,0
1428,307-8.png,0
1429,307-9.jpeg,0
1430,307-10.jpeg,0
1431,307-11.jpeg,0
1432,308-0.jpeg,0
1433,308-1.jpeg,2
1434,308-2.jpeg,3
1435,308-3.jpeg,0
1436,308-4.jpeg,0
1437,308-5.jpeg,0
1438,308-6.jpeg,0
1439,308-7.jpeg,1
1440,308-8.jpeg,3
1441,309-0.png,2
1442,309-1.jpeg,0
1443,309-2.jpeg,3
1444,309-3.jpeg,0
1445,309-4.jpeg,0
1446,309-5.jpeg,0
1447,309-6.jpeg,0
1448,309-7.jpeg,0
1449,309-8.png,0
1450,309-9.jpeg,0
1451,309-10.jpeg,2
1452,309-11.jpeg,3
1453,310-0.png,0
1454,310-1.jpeg,3
1455,310-2.jpeg,2
1456,310-3.jpeg,1
1457,310-4.jpeg,0
1458,310-5.jpeg,0
1459,310-6.jpeg,0
1460,310-7.jpeg,0
1461,310-8.png,0
1462,310-9.jpeg,2
1463,310-10.jpeg,3
1464,310-11.jpeg,0
1465,311-0.png,0
1466,311-1.jpeg,0
1467,311-2.jpeg,0
1468,311-3.jpeg,0
1469,311-4.jpeg,0
1470,311-5.jpeg,0
1471,311-6.jpeg,0
1472,311-7.jpeg,0
1473,311-8.png,0
1474,311-9.jpeg,0
1475,311-10.jpeg,2
1476,311-11.jpeg,3
1477,312-0.png,0
1478,312-1.jpeg,0
1479,312-2.jpeg,0
1480,312-3.jpeg,0
1481,312-4.jpeg,3
1482,312-5.jpeg,0
1483,312-6.jpeg,0
1484,312-7.jpeg,0
1485,312-8.png,3
1486,312-9.jpeg,2
1487,312-10.jpeg,1
1488,312-11.jpeg,0
1489,313-0.jpeg,0
1490,313-1.jpeg,0
1491,313-2.jpeg,0
1492,313-3.jpeg,0
1493,313-4.jpeg,2
1494,313-5.jpeg,3
1495,313-6.jpeg,0
1496,313-7.jpeg,0
1497,313-8.jpeg,0
1498,314-0.jpeg,0
1499,314-1.jpeg,2
1500,314-2.jpeg,0
1501,314-3.jpeg,0
1502,314-4.jpeg,0
1503,314-5.jpeg,0
1504,314-6.jpeg,0
1505,314-7.jpeg,0
1506,314-8.jpeg,3
1507,315-0.jpeg,0
1508,315-1.jpeg,0
1509,315-2.jpeg,0
1510,315-3.jpeg,0
1511,315-4.jpeg,3
1512,315-5.jpeg,0
1513,315-6.jpeg,1
1514,315-7.jpeg,1
1515,315-8.jpeg,1
1516,315-9.jpeg,0
1517,315-10.jpeg,0
1518,315-11.jpeg,3
1519,316-0.png,0
1520,316-1.jpeg,3
1521,316-2.jpeg,2
1522,316-3.png,0
1523,316-4.jpeg,0
1524,316-5.jpeg,0
1525,316-6.jpeg,0
1526,317-0.jpeg,2
1527,317-1.jpeg,3
1528,317-2.jpeg,0
1529,317-3.jpeg,0
1530,318-0.png,0
1531,318-1.jpeg,0
1532,318-2.jpeg,0
1533,318-3.jpeg,0
1534,318-4.jpeg,3
1535,318-5.jpeg,2
1536,318-6.jpeg,0
1537,318-7.jpeg,2
1538,318-8.jpeg,3
1539,318-9.png,0
1540,318-10.jpeg,0
1541,318-11.jpeg,2
1542,318-12.jpeg,3
1543,319-0.jpeg,1
1544,319-1.jpeg,0
1545,319-2.jpeg,0
1546,319-3.jpeg,1
1547,319-4.jpeg,0
1548,320-0.jpeg,0
1549,320-1.jpeg,1
1550,320-2.jpeg,0
1551,320-3.jpeg,3
1552,320-4.jpeg,2
1553,320-5.jpeg,3
1554,320-6.jpeg,0
1555,320-7.jpeg,0
1556,320-8.jpeg,0
1557,321-0.jpeg,3
1558,321-1.jpeg,0
1559,321-2.jpeg,0
1560,321-3.jpeg,0
1561,321-4.jpeg,3
1562,322-0.png,2
1563,322-1.jpeg,3
1564,322-2.jpeg,0
1565,322-3.png,0
1566,322-4.jpeg,0
1567,322-5.jpeg,0
1568,322-6.jpeg,3
1569,323-0.png,2
1570,323-1.jpeg,3
1571,323-2.jpeg,0
1572,323-3.jpeg,0
1573,323-4.jpeg,3
1574,323-5.jpeg,2
1575,323-6.jpeg,3
1576,323-7.jpeg,0
1577,323-8.jpeg,0
1578,323-9.jpeg,0
1579,323-10.jpeg,0
1580,324-0.jpeg,0
1581,324-1.jpeg,0
1582,324-2.jpeg,0
1583,324-3.jpeg,0
1584,324-4.jpeg,0
1585,325-0.png,2
1586,325-1.jpeg,3
1587,325-2.jpeg,0
1588,325-3.jpeg,0
1589,325-4.jpeg,1
1590,325-5.jpeg,1
1591,325-6.jpeg,0
1592,325-7.jpeg,0
1593,325-8.jpeg,0
1594,325-9.jpeg,0
1595,325-10.jpeg,0
1596,326-0.jpeg,0
1597,326-1.jpeg,0
1598,326-2.jpeg,0
1599,326-3.jpeg,3
1600,326-4.jpeg,0
1601,326-5.jpeg,0
1602,326-6.jpeg,0
1603,326-7.jpeg,0
1604,326-8.jpeg,0
1605,326-9.jpeg,2
1606,326-10.jpeg,3
1607,326-11.jpeg,0
1608,327-0.jpeg,0
1609,327-1.jpeg,0
1610,327-2.jpeg,0
1611,327-3.jpeg,0
1612,327-4.jpeg,0
1613,327-5.jpeg,3
1614,327-6.jpeg,2
1615,328-0.jpeg,0
1616,328-1.jpeg,0
1617,328-2.jpeg,0
1618,328-3.jpeg,0
1619,328-4.jpeg,0
1620,329-0.jpeg,1
1621,329-1.jpeg,0
1622,329-2.jpeg,0
1623,329-3.jpeg,0
1624,329-4.jpeg,0
1625,329-5.jpeg,0
1626,329-6.jpeg,0
1627,329-7.jpeg,0
1628,329-8.jpeg,0
1629,330-0.jpeg,0
1630,330-1.jpeg,0
1631,330-2.jpeg,3
1632,330-3.jpeg,2
1633,330-4.jpeg,3
1634,330-5.jpeg,2
1635,330-6.jpeg,0
1636,330-7.jpeg,0
1637,330-8.jpeg,0
1638,330-9.jpeg,0
1639,330-10.jpeg,0
1640,330-11.jpeg,0
1641,330-12.jpeg,1
1642,331-0.jpeg,0
1643,331-1.jpeg,0
1644,331-2.jpeg,0
1645,331-3.jpeg,0
1646,331-4.jpeg,0
1647,331-5.jpeg,0
1648,331-6.jpeg,0
1649,331-7.jpeg,3
1650,332-0.png,0
1651,332-1.jpeg,0
1652,332-2.jpeg,0
1653,332-3.jpeg,3
1654,332-4.jpeg,2
1655,332-5.jpeg,0
1656,332-6.jpeg,0
1657,332-7.jpeg,0
1658,332-8.jpeg,0
1659,332-9.png,0
1660,332-10.jpeg,0
1661,332-11.jpeg,3
1662,332-12.jpeg,2
1663,333-0.png,0
1664,333-1.jpeg,3
1665,333-2.jpeg,0
1666,333-3.png,2
1667,333-4.jpeg,0
1668,333-5.jpeg,0
1669,333-6.jpeg,0
1670,334-0.jpeg,0
1671,334-1.jpeg,0
1672,335-0.jpeg,0
1673,335-1.jpeg,0
1674,335-2.jpeg,0
1675,335-3.jpeg,0
1676,335-4.jpeg,3
1677,335-5.jpeg,0
1678,335-6.jpeg,0
1679,335-7.jpeg,0
1680,335-8.jpeg,0
1681,335-9.jpeg,0
1682,336-0.jpeg,0
1683,336-1.jpeg,0
1684,336-2.jpeg,0
1685,336-3.jpeg,0
1686,336-4.jpeg,0
1687,336-5.jpeg,0
1688,336-6.jpeg,0
1689,336-7.jpeg,0
1690,337-0.png,0
1691,337-1.jpeg,0
1692,337-2.jpeg,0
1693,337-3.jpeg,0
1694,337-4.jpeg,0
1695,337-5.jpeg,0
1696,337-6.jpeg,0
1697,337-7.jpeg,0
1698,337-8.jpeg,0
1699,337-9.png,0
1700,337-10.jpeg,0
1701,337-11.jpeg,0
1702,337-12.jpeg,0
1703,338-0.jpeg,0
1704,338-1.jpeg,0
1705,338-2.jpeg,0
1706,338-3.jpeg,0
1707,338-4.jpeg,0
1708,338-5.jpeg,0
1709,338-6.jpeg,0
1710,338-7.jpeg,0
1711,338-8.jpeg,0
1712,338-9.jpeg,0
1713,338-10.jpeg,0
1714,338-11.jpeg,0
1715,339-0.jpeg,0
1716,339-1.jpeg,0
1717,339-2.jpeg,0
1718,339-3.jpeg,0
1719,339-4.jpeg,0
1720,339-5.jpeg,0
1721,339-6.jpeg,0
1722,339-7.jpeg,0
1723,339-8.jpeg,0
1724,339-9.jpeg,0
1725,339-10.jpeg,0
1726,339-11.jpeg,0
1727,340-0.png,0
1728,340-1.jpeg,0
1729,340-2.jpeg,0
1730,340-3.png,0
1731,340-4.jpeg,0
1732,340-5.jpeg,0
1733,340-6.jpeg,3
1734,341-0.png,2
1735,341-1.jpeg,3
1736,341-2.jpeg,0
1737,341-3.jpeg,0
1738,341-4.jpeg,0
1739,341-5.png,0
1740,341-6.jpeg,0
1741,341-7.jpeg,0
1742,341-8.jpeg,0
1743,342-0.jpeg,0
1744,342-1.jpeg,0
1745,342-2.jpeg,0
1746,342-3.jpeg,0
1747,342-4.jpeg,0
1748,342-5.jpeg,0
1749,342-6.jpeg,3
1750,342-7.jpeg,0
1751,342-8.jpeg,2
1752,342-9.jpeg,3
1753,342-10.jpeg,0
1754,342-11.jpeg,0
1755,342-12.jpeg,0
1756,343-0.jpeg,0
1757,343-1.jpeg,0
1758,343-2.jpeg,0
1759,343-3.jpeg,0
1760,343-4.jpeg,0
1761,343-5.jpeg,0
1762,343-6.jpeg,0
1763,343-7.jpeg,0
1764,343-8.jpeg,0
1765,343-9.jpeg,3
1766,344-0.png,0
1767,344-1.jpeg,0
1768,344-2.jpeg,0
1769,344-3.jpeg,0
1770,344-4.jpeg,0
1771,344-5.jpeg,0
1772,344-6.jpeg,2
1773,344-7.jpeg,1
1774,344-8.png,0
1775,344-9.jpeg,3
1776,344-10.jpeg,0
1777,344-11.jpeg,0
1778,345-0.jpeg,0
1779,345-1.png,0
1780,345-2.png,0
1781,346-0.png,0
1782,346-1.jpeg,0
1783,346-2.jpeg,3
1784,346-3.jpeg,3
1785,346-4.jpeg,0
1786,346-5.jpeg,0
1787,346-6.jpeg,0
1788,346-7.jpeg,0
1789,346-8.png,0
1790,346-9.jpeg,0
1791,346-10.jpeg,0
1792,346-11.jpeg,0
1793,347-0.png,2
1794,347-1.jpeg,0
1795,347-2.jpeg,0
1796,347-3.jpeg,0
1797,347-4.jpeg,0
1798,347-5.jpeg,0
1799,347-6.jpeg,0
1800,347-7.jpeg,0
1801,347-8.png,0
1802,347-9.jpeg,0
1803,347-10.jpeg,0
1804,347-11.jpeg,0
1805,348-0.jpeg,2
1806,348-1.jpeg,3
1807,348-2.jpeg,0
1808,348-3.png,2
1809,348-4.png,0
1810,349-0.jpeg,0
1811,349-1.jpeg,0
1812,349-2.jpeg,0
1813,349-3.jpeg,0
1814,349-4.jpeg,0
1815,349-5.jpeg,0
1816,349-6.jpeg,2
1817,349-7.jpeg,0
1818,350-0.png,0
1819,350-1.jpeg,0
1820,350-2.jpeg,0
1821,350-3.jpeg,0
1822,350-4.jpeg,0
1823,350-5.jpeg,0
1824,350-6.jpeg,0
1825,350-7.jpeg,0
1826,350-8.png,0
1827,350-9.jpeg,0
1828,350-10.jpeg,0
1829,350-11.jpeg,0
1830,351-0.png,0
1831,351-1.jpeg,2
1832,351-2.jpeg,0
1833,351-3.jpeg,0
1834,351-4.jpeg,0
1835,351-5.jpeg,0
1836,351-6.jpeg,0
1837,351-7.jpeg,0
1838,351-8.png,0
1839,351-9.jpeg,0
1840,351-10.jpeg,0
1841,351-11.jpeg,0
1842,352-0.jpeg,0
1843,352-1.jpeg,0
1844,352-2.jpeg,0
1845,352-3.png,0
1846,352-4.png,0
1847,352-5.png,0
1848,352-6.png,0
1849,353-0.jpeg,0
1850,353-1.jpeg,0
1851,353-2.jpeg,0
1852,353-3.jpeg,0
1853,353-4.jpeg,0
1854,354-0.jpeg,0
1855,354-1.jpeg,0
1856,354-2.jpeg,0
1857,354-3.jpeg,0
1858,354-4.jpeg,0
1859,354-5.jpeg,0
1860,354-6.jpeg,0
1861,354-7.jpeg,1
1862,354-8.jpeg,0
1863,354-9.jpeg,0
1864,354-10.png,0
1865,354-11.png,0
1866,354-12.jpeg,1
1867,354-13.jpeg,3
1868,354-14.jpeg,2
1869,355-0.jpeg,0
1870,355-1.jpeg,2
1871,355-2.jpeg,0
1872,355-3.jpeg,0
1873,355-4.jpeg,0
1874,355-5.jpeg,2
1875,355-6.jpeg,3
1876,355-7.jpeg,0
1877,356-0.jpeg,0
1878,356-1.jpeg,0
1879,356-2.jpeg,2
1880,356-3.jpeg,3
1881,356-4.jpeg,0
1882,356-5.jpeg,0
1883,356-6.jpeg,0
1884,356-7.jpeg,0
1885,357-0.jpeg,0
1886,357-1.jpeg,0
1887,357-2.jpeg,3
1888,357-3.jpeg,0
1889,357-4.jpeg,0
1890,357-5.jpeg,0
1891,357-6.jpeg,0
1892,358-0.jpeg,2
1893,358-1.jpeg,0
1894,358-2.jpeg,2
1895,358-3.jpeg,3
1896,359-0.png,3
1897,359-1.jpeg,0
1898,359-2.jpeg,3
1899,359-3.jpeg,0
1900,359-4.jpeg,2
1901,359-5.jpeg,0
1902,359-6.jpeg,0
1903,359-7.jpeg,0
1904,359-8.png,3
1905,359-9.jpeg,0
1906,359-10.jpeg,2
1907,359-11.jpeg,3
1908,360-0.jpeg,0
1909,360-1.png,1
1910,360-2.jpeg,0
1911,360-3.png,0
1912,360-4.png,0
1913,360-5.png,0
1914,360-6.png,0
1915,360-7.jpeg,0
1916,361-0.jpeg,1
1917,361-1.png,0
1918,361-2.png,0
1919,362-0.jpeg,0
1920,362-1.jpeg,0
1921,362-2.jpeg,0
1922,362-3.jpeg,3
1923,362-4.jpeg,2
1924,362-5.jpeg,0
1925,362-6.jpeg,0
1926,362-7.jpeg,3
1927,363-0.jpeg,2
1928,363-1.jpeg,0
1929,363-2.jpeg,0
1930,364-0.jpeg,0
1931,364-1.jpeg,2
1932,364-2.jpeg,0
1933,364-3.jpeg,0
1934,364-4.jpeg,3
1935,364-5.jpeg,2
1936,364-6.jpeg,0
1937,365-0.jpeg,0
1938,365-1.jpeg,0
1939,365-2.jpeg,0
1940,365-3.jpeg,1
1941,365-4.jpeg,0
1942,365-5.jpeg,0
1943,365-6.jpeg,0
1944,365-7.jpeg,0
1945,366-0.jpeg,0
1946,366-1.jpeg,0
1947,366-2.jpeg,3
1948,366-3.jpeg,2
1949,367-0.jpeg,0
1950,367-1.jpeg,0
1951,367-2.jpeg,0
1952,367-3.jpeg,0
1953,367-4.jpeg,0
1954,367-5.jpeg,0
1955,367-6.jpeg,0
1956,367-7.jpeg,3
1957,368-0.jpeg,2
1958,368-1.jpeg,0
1959,368-2.jpeg,0
1960,368-3.jpeg,0
1961,368-4.jpeg,2
1962,368-5.jpeg,3
1963,369-0.jpeg,0
1964,369-1.jpeg,0
1965,370-0.jpeg,0
1966,370-1.jpeg,0
1967,370-2.jpeg,0
1968,370-3.jpeg,3
1969,370-4.jpeg,2
1970,370-5.jpeg,0
1971,370-6.jpeg,0
1972,370-7.jpeg,0
1973,371-0.jpeg,1
1974,371-1.jpeg,0
1975,371-2.jpeg,0
1976,371-3.jpeg,0
1977,371-4.jpeg,0
1978,371-5.jpeg,0
1979,371-6.jpeg,0
1980,371-7.jpeg,3
1981,372-0.jpeg,2
1982,372-1.jpeg,0
1983,372-2.jpeg,0
1984,373-0.jpeg,0
1985,373-1.jpeg,1
1986,373-2.jpeg,0
1987,373-3.jpeg,0
1988,373-4.jpeg,0
1989,373-5.jpeg,0
1990,373-6.jpeg,0
1991,373-7.jpeg,0
1992,373-8.jpeg,3
1993,373-9.jpeg,2
1994,373-10.jpeg,0
1995,374-0.jpeg,0
1996,374-1.jpeg,0
1997,374-2.jpeg,0
1998,374-3.jpeg,0
1999,374-4.jpeg,0
2000,374-5.jpeg,0
2001,375-0.jpeg,0
2002,375-1.jpeg,0
2003,375-2.jpeg,0
2004,376-0.png,3
2005,376-1.jpeg,2
2006,376-2.jpeg,0
2007,376-3.jpeg,0
2008,376-4.jpeg,2
2009,376-5.jpeg,3
2010,376-6.jpeg,0
2011,376-7.jpeg,0
2012,376-8.png,0
2013,376-9.jpeg,0
2014,376-10.jpeg,0
2015,376-11.jpeg,0
2016,377-0.png,2
2017,377-1.jpeg,0
2018,377-2.jpeg,0
2019,377-3.jpeg,0
2020,377-4.jpeg,3
2021,377-5.jpeg,0
2022,377-6.jpeg,0
2023,377-7.jpeg,0
2024,377-8.png,0
2025,377-9.jpeg,0
2026,377-10.jpeg,0
2027,377-11.jpeg,0
2028,378-0.png,3
2029,378-1.jpeg,2
2030,378-2.jpeg,0
2031,378-3.jpeg,2
2032,378-4.jpeg,1
2033,378-5.jpeg,0
2034,378-6.jpeg,0
2035,378-7.jpeg,0
2036,378-8.jpeg,0
2037,378-9.png,0
2038,378-10.jpeg,0
2039,378-11.jpeg,0
2040,378-12.jpeg,0
2041,379-0.jpeg,3
2042,379-1.png,2
2043,379-2.png,0
2044,379-3.jpeg,3
2045,379-4.png,3
2046,379-5.jpeg,2
2047,379-6.png,0
2048,379-7.png,0
2049,380-0.jpeg,0
2050,380-1.jpeg,0
2051,380-2.jpeg,3
2052,380-3.jpeg,0
2053,380-4.jpeg,0
2054,380-5.jpeg,0
2055,380-6.jpeg,0
2056,380-7.jpeg,0
2057,381-0.png,0
2058,381-1.jpeg,3
2059,381-2.png,2
2060,381-3.png,0
2061,381-4.jpeg,2
2062,381-5.jpeg,0
2063,381-6.jpeg,2
2064,382-0.jpeg,0
2065,382-1.jpeg,0
2066,382-2.jpeg,3
2067,382-3.jpeg,0
2068,382-4.jpeg,0
2069,382-5.jpeg,0
2070,382-6.jpeg,0
2071,382-7.jpeg,2
2072,383-0.png,0
2073,384-0.png,0
2074,384-1.jpeg,0
2075,384-2.jpeg,2
2076,384-3.jpeg,0
2077,384-4.jpeg,0
2078,384-5.jpeg,3
2079,384-6.jpeg,0
2080,384-7.jpeg,0
2081,384-8.png,0
2082,384-9.jpeg,0
2083,384-10.jpeg,0
2084,384-11.jpeg,3
2085,385-0.jpeg,2
2086,385-1.jpeg,0
2087,385-2.jpeg,0
2088,386-0.jpeg,0
2089,386-1.jpeg,1
2090,386-2.jpeg,0
2091,386-3.jpeg,0
2092,386-4.jpeg,0
2093,386-5.jpeg,0
2094,386-6.jpeg,0
2095,386-7.jpeg,3
2096,386-8.jpeg,2
2097,386-9.jpeg,0
2098,386-10.jpeg,1
2099,386-11.jpeg,0
2100,387-0.jpeg,0
2101,387-1.jpeg,1
2102,387-2.jpeg,0
2103,387-3.jpeg,0
2104,387-4.jpeg,0
2105,387-5.jpeg,1
2106,387-6.jpeg,0
2107,387-7.jpeg,0
2108,388-0.jpeg,0
2109,388-1.jpeg,0
2110,388-2.jpeg,0
2111,388-3.jpeg,3
2112,388-4.jpeg,2
2113,388-5.jpeg,0
2114,388-6.jpeg,0
2115,389-0.jpeg,0
2116,389-1.jpeg,0
2117,389-2.jpeg,0
2118,389-3.jpeg,1
2119,389-4.jpeg,3
2120,389-5.jpeg,2
2121,389-6.jpeg,0
2122,389-7.jpeg,0
2123,390-0.jpeg,0
2124,390-1.jpeg,2
2125,390-2.jpeg,0
2126,390-3.jpeg,2
2127,390-4.jpeg,3
2128,390-5.jpeg,1
2129,390-6.jpeg,1
2130,390-7.jpeg,0
2131,391-0.png,0
2132,391-1.png,0
2133,392-0.jpeg,0
2134,392-1.jpeg,2
2135,392-2.jpeg,0
2136,392-3.jpeg,2
2137,392-4.jpeg,0
2138,392-5.jpeg,0
2139,392-6.jpeg,0
2140,392-7.jpeg,0
2141,392-8.jpeg,0
2142,392-9.jpeg,3
2143,393-0.jpg,0
2144,394-0.jpg,2
2145,395-0.jpg,3
2146,396-0.jpg,0
2147,397-0.jpg,0
2148,398-0.jpg,0
2149,399-0.jpg,0
2150,400-0.jpg,0
2151,401-0.jpg,3
2152,402-0.jpg,3
2153,403-0.jpg,2
2154,404-0.jpg,0
2155,405-0.jpg,0
2156,406-0.jpg,0
2157,407-0.jpg,0
2158,408-0.jpg,2
2159,409-0.jpg,0
2160,410-0.jpg,0
2161,411-0.jpg,2
2162,412-0.jpg,0
2163,413-0.jpg,3
2164,414-0.jpg,3
2165,415-0.jpg,0
2166,416-0.jpg,0
2167,417-0.jpg,0
2168,418-0.jpg,0
2169,419-0.jpg,2
2170,420-0.jpg,3
2171,421-0.jpg,0
2172,422-0.jpg,0
2173,423-0.jpg,0
2174,424-0.jpg,0
2175,425-0.jpg,0
2176,426-0.jpg,0
2177,427-0.jpg,0
2178,428-0.jpg,3
2179,429-0.jpg,2
2180,430-0.jpg,0
2181,431-0.jpg,0
2182,432-0.jpg,0
2183,433-0.jpg,0
2184,434-0.jpg,0
2185,435-0.jpg,3
2186,436-0.jpg,2
2187,437-0.jpg,0
2188,438-0.jpg,3
2189,439-0.jpg,0
2190,440-0.jpg,0
2191,441-0.jpg,2
2192,442-0.jpg,0
2193,443-0.jpg,1
2194,444-0.jpg,3
2195,445-0.jpg,0
2196,446-0.jpg,0
2197,447-0.jpg,0
2198,448-0.jpg,0
2199,449-0.jpg,0
2200,450-0.jpg,3
2201,451-0.jpg,0
2202,452-0.jpg,0
2203,453-0.jpg,0
2204,454-0.jpg,2
2205,455-0.jpg,1
2206,456-0.jpg,0
2207,457-0.jpg,0
2208,458-0.jpg,0
2209,459-0.jpg,0
2210,460-0.jpg,1
2211,461-0.jpg,0
2212,462-0.jpg,0
2213,463-0.jpg,0
2214,464-0.jpg,0
2215,465-0.jpg,0
2216,466-0.jpg,0
2217,467-0.jpg,0
2218,468-0.jpg,3
2219,469-0.jpg,2
2220,470-0.jpg,0
2221,471-0.jpg,0
2222,472-0.jpg,0
2223,473-0.jpg,0
2224,474-0.jpg,0
2225,475-0.jpg,1
2226,476-0.jpg,3
2227,477-0.jpg,2
2228,478-0.jpg,0
2229,479-0.jpg,0
2230,480-0.jpg,0
2231,481-0.jpg,2
2232,482-0.jpg,0
2233,483-0.jpg,2
2234,484-0.jpg,3
2235,485-0.jpg,1
2236,486-0.jpg,0
2237,487-0.jpg,0
2238,488-0.jpg,0
2239,489-0.jpg,0
2240,490-0.jpg,0
2241,491-0.jpg,0
2242,492-0.jpg,2
2243,493-0.jpg,0
2244,494-0.jpg,0
2245,495-0.jpg,0
2246,496-0.jpg,0
2247,497-0.jpg,0
2248,498-0.jpg,0
2249,499-0.jpg,3
2250,500-0.jpg,2
2251,501-0.jpg,0
2252,502-0.jpg,0
2253,503-0.jpg,0
2254,504-0.jpg,0
2255,505-0.jpg,0
2256,506-0.jpg,0
2257,507-0.jpg,0
2258,508-0.jpg,3
2259,509-0.jpg,2
2260,510-0.jpg,0
2261,511-0.jpg,2
2262,512-0.jpg,0
2263,513-0.jpg,0
2264,514-0.jpg,0
2265,515-0.jpg,1
2266,516-0.jpg,0
2267,517-0.jpg,0
2268,518-0.jpg,2
2269,519-0.jpg,0
2270,520-0.jpg,0
2271,521-0.jpg,3
2272,522-0.jpg,0
2273,523-0.jpg,0
2274,523-1.jpg,0
2275,523-2.jpg,0
2276,523-3.jpg,0
2277,523-4.jpg,0
2278,523-5.jpg,0
2279,524-0.jpg,1
2280,524-1.jpg,0
2281,524-2.jpg,2
2282,524-3.jpg,3
2283,524-4.jpg,0
2284,524-5.jpg,0
2285,525-0.jpg,0
2286,525-1.jpg,1
2287,525-2.jpg,0
2288,526-0.jpg,0
2289,526-1.jpg,0
2290,526-2.jpg,0
2291,526-3.jpg,0
2292,526-4.jpg,0
2293,526-5.jpg,3
2294,527-0.jpg,2
2295,527-1.jpg,0
2296,527-2.jpg,0
2297,527-3.jpg,1
2298,527-4.jpg,0
2299,527-5.jpg,0
2300,528-0.jpg,0
2301,528-1.jpg,1
2302,528-2.jpg,0
2303,528-3.jpg,0
2304,528-4.jpg,0
2305,529-0.jpg,0
2306,529-1.jpg,0
2307,529-2.jpg,0
2308,529-3.jpg,3
2309,529-4.jpg,2
2310,529-5.jpg,0
2311,530-0.jpg,0
2312,530-1.jpg,0
2313,530-2.jpg,1
2314,530-3.jpg,0
2315,531-0.jpg,0
2316,531-1.jpg,0
2317,531-2.jpg,0
2318,531-3.jpg,0
2319,531-4.jpg,0
2320,531-5.jpg,3
2321,531-6.jpg,2
2322,532-0.jpg,0
2323,532-1.jpg,0
2324,532-2.jpg,0
2325,533-0.jpg,0
2326,533-1.jpg,1
2327,533-2.jpg,0
2328,533-3.jpg,0
2329,533-4.jpg,3
2330,533-5.jpg,2
2331,534-0.jpg,1
2332,534-1.jpg,0
2333,534-2.jpg,0
2334,534-3.jpg,0
2335,534-4.jpg,0
2336,534-5.jpg,0
2337,534-6.jpg,0
2338,535-0.jpg,1
2339,536-0.jpg,0
2340,536-1.jpg,0
2341,536-2.jpg,0
2342,536-3.jpg,0
2343,536-4.jpg,0
2344,537-0.jpg,0
2345,537-1.jpg,3
2346,537-2.jpg,2
2347,537-3.jpg,0
2348,537-4.jpg,0
2349,537-5.jpg,0
2350,537-6.jpg,1
2351,538-0.jpg,0
2352,538-1.jpg,0
2353,538-2.jpg,0
2354,538-3.jpg,0
2355,538-4.jpg,0
2356,538-5.jpg,0
2357,539-0.jpg,3
2358,539-1.jpg,2
2359,539-2.jpg,0
2360,539-3.jpg,0
2361,539-4.jpg,0
2362,540-0.jpg,0
2363,540-1.jpg,0
2364,540-2.jpg,0
2365,540-3.jpg,1
2366,540-4.jpg,0
2367,541-0.jpg,2
2368,542-0.jpg,3
2369,542-1.jpg,1
2370,542-2.jpg,0
2371,542-3.jpg,0
2372,542-4.jpg,0
2373,542-5.jpg,0
2374,543-0.jpg,0
2375,543-1.jpg,1
2376,543-2.jpg,0
2377,543-3.jpg,0
2378,543-4.jpg,0
2379,543-5.jpg,0
2380,543-6.jpg,0
2381,544-0.jpg,0
2382,544-1.jpg,0
2383,544-2.jpg,0
2384,544-3.jpg,3
2385,544-4.jpg,2
2386,544-5.jpg,0
2387,544-6.jpg,0
2388,545-0.jpg,0
2389,545-1.jpg,0
2390,545-2.jpg,0
2391,545-3.jpg,0
2392,545-4.jpg,3
2393,546-0.jpg,2
2394,546-1.jpg,0
2395,546-2.jpg,0
2396,546-3.jpg,0
2397,546-4.jpg,0
2398,546-5.jpg,3
2399,547-0.jpg,0
2400,547-1.jpg,1
2401,547-2.jpg,2
2402,547-3.jpg,0
2403,547-4.jpg,1
2404,547-5.jpg,3
2405,547-6.jpg,0
2406,548-0.jpg,2
2407,548-1.jpg,0
2408,548-2.jpg,0
2409,548-3.jpg,0
2410,548-4.jpg,2
2411,549-0.jpg,3
2412,549-1.jpg,1
2413,549-2.jpg,0
2414,549-3.jpg,0
2415,549-4.jpg,0
2416,549-5.jpg,1
2417,550-0.jpg,0
2418,550-1.jpg,0
2419,550-2.jpg,0
2420,550-3.jpg,0
2421,551-0.jpg,0
2422,551-1.jpg,0
2423,551-2.jpg,3
2424,551-3.jpg,2
2425,551-4.jpg,0
2426,551-5.jpg,1
2427,552-0.jpg,0
2428,552-1.jpg,0
2429,552-2.jpg,0
2430,552-3.jpg,0
2431,552-4.jpg,0
2432,552-5.jpg,0
2433,552-6.jpg,0
2434,553-0.jpg,0
2435,553-1.jpg,0
2436,553-2.jpg,0
2437,553-3.jpg,1
2438,553-4.jpg,0
2439,553-5.jpg,0
2440,553-6.jpg,0
2441,554-0.jpg,0
2442,554-1.jpg,3
2443,554-2.jpg,2
2444,554-3.jpg,0
2445,554-4.jpg,3
2446,554-5.jpg,2
2447,555-0.jpg,0
2448,555-1.jpg,1
2449,555-2.jpg,0
2450,555-3.jpg,0
2451,555-4.jpg,0
2452,556-0.jpg,3
2453,556-1.jpg,2
2454,556-2.jpg,0
2455,556-3.jpg,0
2456,556-4.jpg,1
2457,557-0.jpg,0
2458,558-0.jpg,0
2459,558-1.jpg,0
2460,558-2.jpg,3
2461,558-3.jpg,2
2462,558-4.jpg,0
2463,558-5.jpg,3
2464,558-6.jpg,3
2465,559-0.jpg,2
2466,559-1.jpg,0
2467,559-2.jpg,3
2468,559-3.jpg,0
2469,559-4.jpg,1
2470,560-0.jpg,0
2471,560-1.jpg,2
2472,560-2.jpg,0
2473,560-3.jpg,0
2474,560-4.jpg,0
2475,560-5.jpg,0
2476,560-6.jpg,0
2477,561-0.jpg,0
2478,561-1.jpg,3
2479,561-2.jpg,2
2480,561-3.jpg,0
2481,561-4.jpg,2
2482,562-0.jpg,0
2483,563-0.jpg,0
2484,563-1.jpg,1
2485,563-2.jpg,0
2486,563-3.jpg,0
2487,563-4.jpg,0
2488,564-0.jpg,3
2489,564-1.jpg,2
2490,564-2.jpg,0
2491,564-3.jpg,0
2492,564-4.jpg,1
2493,565-0.jpg,0
2494,565-1.jpg,0
2495,565-2.jpg,0
2496,565-3.jpg,3
2497,565-4.jpg,2
2498,565-5.jpg,0
2499,565-6.jpg,3
2500,566-0.jpg,2
2501,567-0.jpg,0
2502,567-1.jpg,0
2503,567-2.jpg,0
2504,567-3.jpg,0
2505,567-4.jpg,0
2506,567-5.jpg,3
2507,567-6.jpg,3
2508,568-0.jpg,2
2509,568-1.jpg,0
2510,568-2.jpg,3
2511,568-3.jpg,2
2512,568-4.jpg,0
2513,568-5.jpg,0
2514,569-0.jpg,0
2515,569-1.jpg,1
2516,569-2.jpg,3
2517,570-0.jpg,2
2518,571-0.jpg,0
2519,571-1.jpg,3
2520,571-2.jpg,2
2521,571-3.jpg,0
2522,571-4.jpg,0
2523,571-5.jpg,0
2524,572-0.jpg,2
2525,572-1.jpg,0
2526,572-2.jpg,0
2527,572-3.jpg,0
2528,572-4.jpg,0
2529,572-5.jpg,0
2530,572-6.jpg,0
2531,573-0.jpg,3
2532,573-1.jpg,2
2533,573-2.jpg,0
2534,573-3.jpg,0
2535,574-0.jpg,0
2536,574-1.jpg,2
2537,574-2.jpg,3
2538,574-3.jpg,0
2539,574-4.jpg,0
2540,575-0.jpg,0
2541,575-1.jpg,0
2542,576-0.jpg,0
2543,576-1.jpg,3
2544,576-2.jpg,2
2545,577-0.jpg,0
2546,577-1.jpg,0
2547,577-2.jpg,2
2548,577-3.jpg,3
2549,578-0.jpg,0
2550,578-1.jpg,0
2551,578-2.jpg,0
2552,578-3.jpg,0
2553,578-4.jpg,0
2554,578-5.jpg,0
2555,578-6.jpg,0
2556,579-0.jpg,3
2557,579-1.jpg,2
2558,579-2.jpg,0
2559,580-0.jpg,0
2560,580-1.jpg,2
2561,580-2.jpg,0
2562,580-3.jpg,0
2563,580-4.jpg,0
2564,580-5.jpg,3
2565,580-6.jpg,3
2566,581-0.jpg,0
2567,581-1.jpg,0
2568,581-2.jpg,0
2569,581-3.jpg,0
2570,581-4.jpg,3
2571,582-0.jpg,3
2572,582-1.jpg,0
2573,582-2.jpg,2
2574,582-3.jpg,0
2575,583-0.jpg,0
2576,583-1.jpg,0
2577,583-2.jpg,0
2578,583-3.jpg,0
2579,583-4.jpg,3
2580,583-5.jpg,2
2581,583-6.jpg,0
2582,584-0.png,1
2583,584-1.jpg,0
2584,585-0.jpg,0
2585,585-1.jpg,0
2586,585-2.jpg,3
2587,585-3.jpg,3
2588,585-4.jpg,2
2589,585-5.jpg,0
2590,585-6.jpg,0
2591,586-0.jpg,0
2592,586-1.jpg,0
2593,586-2.jpg,2
2594,586-3.jpg,3
2595,586-4.jpg,0
2596,586-5.jpg,0
2597,586-6.jpg,0
2598,587-0.jpg,0
2599,587-1.jpg,0
2600,587-2.jpg,3
2601,587-3.jpg,2
2602,587-4.jpg,0
2603,587-5.jpg,3
2604,587-6.jpg,2
2605,588-0.jpg,0
2606,588-1.jpg,0
2607,589-0.jpg,1
2608,589-1.jpg,2
2609,589-2.jpg,3
2610,589-3.jpg,0
2611,589-4.jpg,2
2612,589-5.jpg,0
2613,590-0.jpg,2
2614,590-1.jpg,0
2615,590-2.jpg,0
2616,590-3.jpg,0
2617,590-4.jpg,0
2618,590-5.jpg,0
2619,590-6.jpg,2
2620,591-0.jpg,1
2621,592-0.jpg,3
2622,592-1.jpg,0
2623,592-2.jpg,0
2624,592-3.jpg,0
2625,592-4.jpg,0
2626,592-5.jpg,0
2627,592-6.jpg,1
2628,593-0.jpg,0
2629,594-0.jpg,0
2630,594-1.jpg,0
2631,594-2.jpg,3
2632,594-3.jpg,0
2633,594-4.jpg,0
2634,594-5.jpg,0
2635,594-6.jpg,0
2636,595-0.jpg,0
2637,595-1.jpg,0
2638,595-2.jpg,2
2639,595-3.jpg,3
2640,595-4.jpg,0
2641,595-5.jpg,0
2642,595-6.jpg,1
2643,596-0.jpg,0
2644,596-1.jpg,0
2645,596-2.jpg,0
2646,596-3.jpg,2
2647,596-4.jpg,2
2648,596-5.jpg,0
2649,596-6.jpg,3
2650,597-0.jpg,0
2651,597-1.jpg,0
2652,597-2.jpg,0
2653,598-0.jpg,0
2654,598-1.jpg,0
2655,599-0.jpg,3
2656,599-1.jpg,2
2657,599-2.jpg,0
2658,599-3.jpg,3
2659,599-4.jpg,2
2660,600-0.jpg,0
2661,601-0.jpg,0
2662,602-0.jpg,0
2663,603-0.jpg,0
2664,603-1.jpg,0
2665,603-2.jpg,0
2666,604-0.jpg,0
2667,604-1.jpg,0
2668,604-2.jpg,0
2669,604-3.jpg,0
2670,604-4.jpg,0
2671,605-0.jpg,0
2672,605-1.jpg,0
2673,605-2.jpg,0
2674,605-3.jpg,0
2675,605-4.jpg,0
2676,605-5.jpg,0
2677,605-6.jpg,0
2678,606-0.jpg,0
2679,606-1.jpg,0
2680,606-2.jpg,0
2681,606-3.jpg,0
2682,606-4.jpg,0
2683,607-0.jpg,0
2684,607-1.jpg,0
2685,607-2.jpg,0
2686,607-3.jpg,0
2687,607-4.jpg,0
2688,607-5.jpg,0
2689,607-6.jpg,0
2690,608-0.jpg,0
2691,608-1.jpg,0
2692,608-2.jpg,0
2693,608-3.jpg,0
2694,608-4.jpg,0
2695,608-5.jpg,0
2696,609-0.jpg,0
2697,609-1.jpg,0
2698,609-2.jpg,0
2699,609-3.jpg,0
2700,609-4.jpg,0
2701,609-5.jpg,0
2702,610-0.jpg,0
2703,610-1.jpg,0
2704,610-2.jpg,0
2705,610-3.jpg,0
2706,610-4.jpg,0
2707,610-5.jpg,0
2708,610-6.jpg,0
2709,611-0.jpg,0
2710,611-1.jpg,0
2711,611-2.jpg,0
2712,611-3.jpg,0
2713,611-4.jpg,0
2714,611-5.jpg,0
2715,612-0.jpg,0
2716,613-0.jpg,0
2717,613-1.jpg,0
2718,613-2.jpg,0
2719,613-3.jpg,0
2720,613-4.jpg,0
2721,613-5.jpg,0
2722,614-0.jpg,0
2723,614-1.jpg,0
2724,614-2.jpg,0
2725,614-3.jpg,0
2726,614-4.jpg,0
2727,614-5.jpg,0
2728,615-0.jpg,0
2729,615-1.jpg,0
2730,615-2.jpg,0
2731,615-3.jpg,0
2732,615-4.jpg,0
2733,615-5.jpg,0
2734,615-6.jpg,0
2735,616-0.jpg,0
2736,616-1.jpg,0
2737,616-2.jpg,0
2738,616-3.jpg,0
2739,616-4.jpg,0
2740,616-5.jpg,0
2741,617-0.jpg,0
2742,617-1.jpg,0
2743,617-2.jpg,0
2744,617-3.jpg,0
2745,617-4.jpg,0
2746,617-5.jpg,0
2747,618-0.jpg,0
2748,618-1.jpg,0
2749,618-2.jpg,0
2750,618-3.jpg,0
2751,619-0.jpg,0
2752,619-1.jpg,0
2753,619-2.jpg,0
2754,619-3.jpg,0
2755,619-4.jpg,0
2756,620-0.jpg,0
2757,621-0.jpg,0
2758,621-1.jpg,0
2759,621-2.jpg,0
2760,621-3.jpg,0
2761,621-4.jpg,0
2762,621-5.jpg,0
2763,622-0.jpg,0
2764,622-1.jpg,0
2765,622-2.jpg,0
2766,622-3.jpg,0
2767,622-4.jpg,0
2768,623-0.jpg,0
2769,623-1.jpg,0
2770,623-2.jpg,0
2771,623-3.jpg,0
2772,623-4.jpg,0
2773,624-0.jpg,0
2774,624-1.jpg,0
2775,624-2.jpg,0
2776,624-3.jpg,0
2777,624-4.jpg,0
2778,624-5.jpg,0
2779,625-0.jpg,0
2780,625-1.jpg,0
2781,625-2.jpg,0
2782,625-3.jpg,0
2783,625-4.jpg,0
2784,625-5.jpg,0
2785,626-0.jpg,0
2786,626-1.jpg,0
2787,626-2.jpg,0
2788,626-3.jpg,0
2789,626-4.jpg,0
2790,626-5.jpg,0
2791,626-6.jpg,0
2792,627-0.jpg,0
2793,627-1.jpg,0
2794,627-2.jpg,3
2795,627-3.jpg,2
2796,627-4.jpg,0
2797,627-5.jpg,0
2798,627-6.jpg,0
2799,628-0.jpg,0
2800,628-1.jpg,3
2801,628-2.jpg,2
2802,629-0.jpg,0
2803,629-1.jpg,0
2804,629-2.jpg,0
2805,629-3.jpg,0
2806,629-4.jpg,0
2807,629-5.jpg,0
2808,629-6.jpg,0
2809,630-0.jpg,1
2810,630-1.jpg,0
2811,630-2.jpg,0
2812,630-3.jpg,0
2813,630-4.jpg,0
2814,631-0.jpg,0
2815,631-1.jpg,0
2816,631-2.jpg,0
2817,631-3.jpg,0
2818,631-4.jpg,2
2819,631-5.jpg,0
2820,631-6.jpg,3
2821,632-0.jpg,0
2822,632-1.jpg,0
2823,632-2.jpg,3
2824,632-3.jpg,1
2825,632-4.jpg,0
2826,632-5.jpg,0
2827,632-6.jpg,0
2828,633-0.jpg,0
2829,633-1.jpg,0
2830,633-2.jpg,0
2831,633-3.jpg,0
2832,633-4.jpg,0
2833,634-0.jpg,3
2834,634-1.jpg,0
2835,634-2.jpg,1
2836,634-3.jpg,0
2837,634-4.jpg,0
2838,634-5.jpg,3
2839,634-6.jpg,0
2840,635-0.jpg,0
2841,635-1.jpg,0
2842,635-2.jpg,0
2843,635-3.jpg,1
2844,635-4.jpg,0
2845,635-5.jpg,0
2846,635-6.jpg,3
2847,636-0.jpg,2
2848,636-1.jpg,0
2849,636-2.jpg,3
2850,636-3.jpg,0
2851,636-4.jpg,1
2852,636-5.jpg,0
2853,636-6.jpg,3
2854,637-0.jpg,2
2855,637-1.jpg,0
2856,637-2.jpg,0
2857,638-0.jpg,0
2858,638-1.jpg,0
2859,638-2.jpg,0
2860,638-3.jpg,0
2861,638-4.jpg,0
2862,638-5.jpg,0
2863,639-0.jpg,3
2864,639-1.jpg,0
2865,639-2.jpg,0
2866,639-3.jpg,0
2867,640-0.jpg,3
2868,640-1.jpg,0
2869,640-2.jpg,0
2870,640-3.jpg,0
2871,640-4.jpg,0
2872,640-5.jpg,3
2873,641-0.jpg,0
2874,641-1.jpg,0
2875,641-2.jpg,0
2876,641-3.jpg,0
2877,641-4.jpg,0
2878,642-0.jpg,2
2879,642-1.jpg,0
2880,642-2.jpg,0
2881,642-3.jpg,0
2882,642-4.jpg,3
2883,642-5.jpg,2
2884,643-0.jpg,0
2885,643-1.jpg,0
2886,643-2.jpg,3
2887,643-3.jpg,0
2888,643-4.jpg,0
2889,643-5.jpg,3
2890,643-6.jpg,2
2891,644-0.jpg,0
2892,645-0.jpg,0
2893,646-0.jpg,1
2894,646-1.jpg,3
2895,646-2.jpg,0
2896,646-3.jpg,3
2897,646-4.jpg,2
2898,646-5.jpg,0
2899,646-6.jpg,0
2900,647-0.jpg,0
2901,647-1.jpg,0
2902,647-2.jpg,3
2903,647-3.jpg,1
2904,647-4.jpg,0
2905,647-5.jpg,0
2906,647-6.jpg,0
2907,648-0.jpg,0
2908,648-1.jpg,0
2909,648-2.jpg,0
2910,648-3.jpg,0
2911,648-4.jpg,0
2912,648-5.jpg,0
2913,649-0.jpg,0
2914,650-0.jpg,0
2915,650-1.jpg,0
2916,650-2.jpg,0
2917,650-3.jpg,0
2918,650-4.jpg,0
2919,651-0.jpg,1
2920,651-1.jpg,0
2921,651-2.jpg,0
2922,651-3.jpg,3
2923,651-4.jpg,0
2924,652-0.jpg,0
2925,652-1.jpg,0
2926,652-2.jpg,3
2927,652-3.jpg,2
2928,653-0.jpg,0
2929,653-1.jpg,0
2930,653-2.jpg,0
2931,653-3.jpg,0
2932,654-0.jpg,3
2933,654-1.jpg,2
2934,654-2.jpg,0
2935,654-3.jpg,0
2936,654-4.jpg,0
2937,654-5.jpg,0
2938,654-6.jpg,0
2939,655-0.jpg,0
2940,655-1.jpg,0
2941,655-2.jpg,0
2942,655-3.jpg,3
2943,655-4.jpg,2
2944,655-5.jpg,0
2945,655-6.jpg,0
2946,656-0.jpg,0
2947,656-1.jpg,0
2948,656-2.jpg,0
2949,656-3.jpg,1
2950,656-4.jpg,0
2951,656-5.jpg,0
2952,656-6.jpg,0
2953,657-0.jpg,0
2954,657-1.jpg,0
2955,657-2.jpg,0
2956,657-3.jpg,3
2957,657-4.jpg,2
2958,657-5.jpg,0
2959,658-0.jpg,0
2960,658-1.jpg,0
2961,658-2.jpg,3
2962,658-3.jpg,0
2963,658-4.jpg,3
2964,658-5.jpg,0
2965,659-0.jpg,0
2966,659-1.jpg,3
2967,659-2.jpg,0
2968,659-3.jpg,0
2969,659-4.jpg,0
2970,659-5.jpg,0
2971,660-0.jpg,0
2972,660-1.jpg,0
2973,660-2.jpg,0
2974,660-3.jpg,0
2975,660-4.jpg,0
2976,661-0.jpg,0
2977,661-1.jpg,1
2978,661-2.jpg,3
2979,661-3.jpg,2
2980,661-4.jpg,0
2981,662-0.jpg,0
2982,662-1.jpg,0
2983,662-2.jpg,0
2984,662-3.jpg,0
2985,662-4.jpg,0
2986,662-5.jpg,0
2987,663-0.jpg,0
2988,663-1.jpg,0
2989,663-2.jpg,0
2990,663-3.jpg,0
2991,663-4.jpg,0
2992,663-5.jpg,0
2993,664-0.jpg,3
2994,664-1.jpg,0
2995,664-2.jpg,0
2996,664-3.jpg,0
2997,664-4.jpg,0
2998,664-5.jpg,0
2999,664-6.jpg,0
3000,665-0.jpg,0
3001,665-1.jpg,0
3002,665-2.jpg,0
3003,665-3.jpg,3
3004,665-4.jpg,2
3005,665-5.jpg,0
3006,666-0.jpg,0
3007,666-1.jpg,0
3008,666-2.jpg,0
3009,666-3.jpg,0
3010,666-4.jpg,0
3011,666-5.jpg,0
3012,666-6.jpg,0
3013,667-0.jpg,0
3014,667-1.jpg,0
3015,667-2.jpg,0
3016,667-3.jpg,0
3017,667-4.jpg,0
3018,667-5.jpg,0
3019,667-6.jpg,0
3020,668-0.jpg,1
3021,668-1.jpg,3
3022,668-2.jpg,2
3023,668-3.jpg,0
3024,668-4.jpg,0
3025,669-0.jpg,0
3026,669-1.jpg,0
3027,669-2.jpg,0
3028,669-3.jpg,0
3029,669-4.jpg,0
3030,669-5.jpg,0
3031,670-0.jpg,0
3032,670-1.jpg,0
3033,670-2.jpg,0
3034,670-3.jpg,0
3035,670-4.jpg,0
3036,670-5.jpg,0
3037,670-6.jpg,0
3038,671-0.jpg,0
3039,671-1.jpg,0
3040,671-2.jpg,0
3041,671-3.jpg,0
3042,671-4.jpg,3
3043,671-5.jpg,0
3044,672-0.jpg,0
3045,672-1.jpg,0
3046,672-2.jpg,3
3047,672-3.jpg,2
3048,672-4.jpg,0
3049,672-5.jpg,0
3050,672-6.jpg,1
3051,673-0.jpg,0
3052,673-1.jpg,0
3053,673-2.jpg,0
3054,673-3.jpg,0
3055,673-4.jpg,0
3056,673-5.jpg,0
3057,674-0.jpg,0
3058,674-1.jpg,0
3059,674-2.jpg,0
3060,674-3.jpg,0
3061,674-4.jpg,0
3062,674-5.jpg,0
3063,674-6.jpg,0
3064,675-0.jpg,0
3065,675-1.jpg,0
3066,675-2.jpg,0
3067,675-3.jpg,0
3068,675-4.jpg,0
3069,675-5.jpg,0
3070,675-6.jpg,0
3071,676-0.jpg,1
3072,676-1.jpg,0
3073,676-2.jpg,0
3074,676-3.jpg,0
3075,676-4.jpg,0
3076,676-5.jpg,0
3077,677-0.jpg,0
3078,677-1.jpg,0
3079,677-2.jpg,0
3080,677-3.jpg,0
3081,677-4.jpg,0
3082,677-5.jpg,0
3083,677-6.jpg,0
3084,678-0.jpg,0
3085,678-1.jpg,1
3086,678-2.jpg,2
3087,678-3.jpg,0
3088,678-4.jpg,0
3089,678-5.jpg,0
3090,679-0.jpg,3
3091,679-1.jpg,0
3092,679-2.jpg,0
3093,679-3.jpg,0
3094,679-4.jpg,0
3095,679-5.jpg,0
3096,680-0.jpg,0
3097,680-1.jpg,0
3098,680-2.jpg,0
3099,680-3.jpg,0
3100,680-4.jpg,0
3101,680-5.jpg,0
3102,681-0.jpg,3
3103,681-1.jpg,0
3104,681-2.jpg,0
3105,681-3.jpg,0
3106,681-4.jpg,3
3107,682-0.jpg,0
3108,682-1.jpg,0
3109,682-2.jpg,0
3110,682-3.jpg,3
3111,682-4.jpg,2
3112,682-5.jpg,0
3113,682-6.jpg,0
3114,683-0.jpg,0
3115,683-1.jpg,0
3116,683-2.jpg,0
3117,683-3.jpg,0
3118,683-4.jpg,0
3119,683-5.jpg,0
3120,684-0.jpg,0
3121,684-1.jpg,0
3122,684-2.jpg,0
3123,684-3.jpg,0
3124,684-4.jpg,0
3125,684-5.jpg,0
3126,684-6.jpg,0
3127,685-0.jpg,0
3128,685-1.jpg,0
3129,685-2.jpg,0
3130,685-3.jpg,0
3131,685-4.jpg,0
3132,685-5.jpg,0
3133,685-6.jpg,0
3134,686-0.jpg,0
3135,686-1.jpg,1
3136,686-2.jpg,0
3137,686-3.jpg,0
3138,686-4.jpg,0
3139,687-0.jpg,3
3140,687-1.jpg,2
3141,687-2.jpg,0
3142,687-3.jpg,0
3143,687-4.jpg,3
3144,687-5.jpg,2
3145,688-0.jpg,0
3146,688-1.jpg,0
3147,688-2.jpg,0
3148,688-3.jpg,0
3149,688-4.jpg,0
3150,688-5.jpg,0
3151,689-0.jpg,0
3152,689-1.jpg,1
3153,689-2.jpg,0
3154,689-3.jpg,0
3155,689-4.jpg,0
3156,689-5.jpg,0
3157,689-6.jpg,0
3158,690-0.jpg,0
3159,690-1.jpg,0
3160,690-2.jpg,0
3161,690-3.jpg,1
3162,690-4.jpg,2
3163,690-5.jpg,0
3164,690-6.jpg,0
3165,691-0.jpg,3
3166,691-1.jpg,2
3167,691-2.jpg,0
3168,691-3.jpg,0
3169,691-4.jpg,0
3170,691-5.jpg,0
3171,691-6.jpg,1
3172,692-0.jpg,0
3173,692-1.jpg,3
3174,692-2.jpg,0
3175,692-3.jpg,3
3176,692-4.jpg,2
3177,692-5.jpg,0
3178,693-0.jpg,0
3179,693-1.jpg,0
3180,693-2.jpg,0
3181,693-3.jpg,0
3182,693-4.jpg,0
3183,693-5.jpg,0
3184,693-6.jpg,3
3185,693-7.jpg,0
3186,693-8.jpg,3
3187,694-0.jpg,0
3188,694-1.jpg,0
3189,694-2.jpg,0
3190,694-3.jpg,0
3191,694-4.jpg,0
3192,694-5.jpg,0
3193,695-0.jpg,0
3194,695-1.jpg,0
3195,695-2.jpg,0
3196,695-3.jpg,0
3197,695-4.jpg,0
3198,695-5.jpg,0
3199,695-6.jpg,0
3200,696-0.jpg,0
3201,696-1.jpg,0
3202,696-2.jpg,0
3203,696-3.jpg,0
3204,697-0.jpg,0
3205,697-1.jpg,0
3206,697-2.jpg,0
3207,697-3.jpg,0
3208,697-4.jpg,1
3209,698-0.jpg,0
3210,698-1.jpg,0
3211,698-2.jpg,3
3212,698-3.jpg,2
3213,698-4.jpg,0
3214,698-5.jpg,0
3215,699-0.jpg,0
3216,699-1.jpg,0
3217,699-2.jpg,0
3218,699-3.jpg,0
3219,699-4.jpg,0
3220,700-0.jpg,0
3221,700-1.jpg,0
3222,700-2.jpg,0
3223,700-3.jpg,0
3224,700-4.jpg,0
3225,700-5.jpg,0
3226,700-6.jpg,0
3227,701-0.jpg,0
3228,701-1.jpg,0
3229,701-2.jpg,0
3230,701-3.jpg,0
3231,701-4.jpg,0
3232,701-5.jpg,0
3233,702-0.jpg,0
3234,703-0.jpg,0
3235,703-1.jpg,0
3236,703-2.jpg,0
3237,703-3.jpg,3
3238,703-4.jpg,2
3239,703-5.jpg,0
3240,704-0.jpg,0
3241,704-1.jpg,0
3242,704-2.jpg,0
3243,704-3.jpg,3
3244,704-4.jpg,0
3245,704-5.jpg,0
3246,705-0.jpg,3
3247,705-1.jpg,3
3248,705-2.jpg,0
3249,705-3.jpg,0
3250,705-4.jpg,3
3251,705-5.jpg,3
3252,705-6.jpg,0
3253,706-0.jpg,0
3254,706-1.jpg,0
3255,706-2.jpg,0
3256,706-3.jpg,0
3257,706-4.jpg,0
3258,706-5.jpg,0
3259,707-0.jpg,0
3260,707-1.jpg,0
3261,707-2.jpg,0
3262,707-3.jpg,0
3263,707-4.jpg,0
3264,707-5.jpg,0
3265,707-6.jpg,0
3266,708-0.jpg,0
3267,708-1.jpg,0
3268,709-0.jpg,0
3269,709-1.jpg,0
3270,709-2.jpg,0
3271,709-3.jpg,3
3272,710-0.jpg,2
3273,710-1.jpg,0
3274,710-2.jpg,0
3275,710-3.jpg,1
3276,710-4.jpg,0
3277,710-5.jpg,0
3278,711-0.jpg,3
3279,711-1.jpg,2
3280,711-2.jpg,0
3281,712-0.jpg,0
3282,713-0.jpg,0
3283,713-1.jpg,3
3284,713-2.jpg,0
3285,713-3.jpg,0
3286,714-0.jpg,1
3287,714-1.jpg,0
3288,714-2.jpg,3
3289,714-3.jpg,2
3290,714-4.jpg,0
3291,714-5.jpg,0
3292,714-6.jpg,3
3293,715-0.jpg,0
3294,715-1.jpg,3
3295,715-2.jpg,2
3296,715-3.jpg,0
3297,715-4.jpg,0
3298,715-5.jpg,0
3299,715-6.jpg,0
3300,716-0.jpg,0
3301,716-1.jpg,0
3302,716-2.jpg,0
3303,716-3.jpg,1
3304,716-4.jpg,0
3305,716-5.jpg,0
3306,716-6.jpg,0
3307,717-0.jpg,3
3308,717-1.jpg,2
3309,717-2.jpg,0
3310,717-3.jpg,0
3311,717-4.jpg,0
3312,718-0.jpg,1
3313,718-1.jpg,0
3314,718-2.jpg,0
3315,718-3.jpg,0
3316,718-4.jpg,0
3317,718-5.jpg,3
3318,718-6.jpg,2
